exclusion_id,file,user,folder,date,sender,subject,content_hash,matched_importance_idx,matched_label_id,reason
EXCL_00001,allen-p/_sent_mail/10.,allen-p,_sent_mail,"Fri, 4 May 2001 13:51:00 -0700 (PDT)",phillip.allen@enron.com,Re:,cd4b2d43f9436fb0652c778ac4a576dff7fab4c4282e213bdce46990d79b072c,65,0,Direct content match with email_importance.csv seed record
EXCL_00002,allen-p/_sent_mail/100.,allen-p,_sent_mail,"Wed, 18 Oct 2000 03:00:00 -0700 (PDT)",phillip.allen@enron.com,Re: test,7ae901ed6a88c69e1911d4e2698bb90b02ef14186142d811bca8ee0570ebc8a8,66,1,Direct content match with email_importance.csv seed record
EXCL_00003,allen-p/_sent_mail/1000.,allen-p,_sent_mail,"Mon, 23 Oct 2000 06:13:00 -0700 (PDT)",phillip.allen@enron.com,,c4d5f659e0e671bcce5c8d87805afa315a16745e3b98a064e28087a173d6ffa3,67,1,Direct content match with email_importance.csv seed record
EXCL_00004,allen-p/_sent_mail/1001.,allen-p,_sent_mail,"Thu, 31 Aug 2000 05:07:00 -0700 (PDT)",phillip.allen@enron.com,Re: Hello,5838c2052176fe56dd131b88b643e91a08b6dbfcf21d2ed41520f61a7e6a7376,68,1,Direct content match with email_importance.csv seed record
EXCL_00005,allen-p/_sent_mail/1002.,allen-p,_sent_mail,"Thu, 31 Aug 2000 04:17:00 -0700 (PDT)",phillip.allen@enron.com,Re: Hello,8ff9be0b9723848be7d6eb8993f2aeff80cb04dda010b4ed790c224eff4bdf3b,69,1,Direct content match with email_importance.csv seed record
EXCL_00006,allen-p/_sent_mail/1003.,allen-p,_sent_mail,"Tue, 22 Aug 2000 07:44:00 -0700 (PDT)",phillip.allen@enron.com,,eb0b34487756827644eb103a964c207d901655e78136f0240481e966130cc36b,70,1,Direct content match with email_importance.csv seed record
EXCL_00007,allen-p/_sent_mail/1004.,allen-p,_sent_mail,"Fri, 14 Jul 2000 06:59:00 -0700 (PDT)",phillip.allen@enron.com,Re: PRC review - phone calls,421a8163f3e695aa5f202d55d37c061312822e7187f8c8e8d83c17f4fac920ef,71,1,Direct content match with email_importance.csv seed record
EXCL_00008,allen-p/_sent_mail/101.,allen-p,_sent_mail,"Tue, 17 Oct 2000 02:26:00 -0700 (PDT)",phillip.allen@enron.com,Re: High Speed Internet Access,8c42e831d96770b05a9078ea1a57568114c8817eecade20e8765cbb62906790d,72,1,Direct content match with email_importance.csv seed record
EXCL_00009,allen-p/_sent_mail/102.,allen-p,_sent_mail,"Mon, 16 Oct 2000 06:44:00 -0700 (PDT)",phillip.allen@enron.com,FW: fixed forward or other Collar floor gas price terms,a3149a19e2937a699bece9d350ea61a3ab639a46079cf28a94abcd77f75b65ed,73,1,Direct content match with email_importance.csv seed record
EXCL_00010,allen-p/_sent_mail/103.,allen-p,_sent_mail,"Mon, 16 Oct 2000 06:42:00 -0700 (PDT)",phillip.allen@enron.com,Re: FW: fixed forward or other Collar floor gas price terms,dedcea437efa1848e553b9e394ac9aac67acd5b266e9ed8e7d84aba5a34a6c84,74,1,Direct content match with email_importance.csv seed record
EXCL_00011,allen-p/_sent_mail/104.,allen-p,_sent_mail,"Fri, 13 Oct 2000 06:45:00 -0700 (PDT)",phillip.allen@enron.com,,5f2cf5d9b6cf81378fc0c208423425a988eac8ffb0099a7fc804754241fcc5f9,75,1,Direct content match with email_importance.csv seed record
EXCL_00012,allen-p/_sent_mail/105.,allen-p,_sent_mail,"Mon, 9 Oct 2000 07:16:00 -0700 (PDT)",phillip.allen@enron.com,Consolidated positions: Issues & To Do list,579b21affa6690e1ce1724594bbfe0c70d6fe21a800d0521bd53315115955746,76,1,Direct content match with email_importance.csv seed record
EXCL_00013,allen-p/_sent_mail/106.,allen-p,_sent_mail,"Mon, 9 Oct 2000 07:00:00 -0700 (PDT)",phillip.allen@enron.com,Consolidated positions: Issues & To Do list,367786ad71ea4ecf50bb64e889f0d895cd1a176db96ac8db96764a366a50703b,77,1,Direct content match with email_importance.csv seed record
EXCL_00014,allen-p/_sent_mail/107.,allen-p,_sent_mail,"Thu, 5 Oct 2000 06:26:00 -0700 (PDT)",phillip.allen@enron.com,,f343e11ca6839a425d349f59741f1f1637aaa847f10c24dd1417cad93241ff7d,78,1,Direct content match with email_importance.csv seed record
EXCL_00015,allen-p/_sent_mail/108.,allen-p,_sent_mail,"Thu, 5 Oct 2000 05:55:00 -0700 (PDT)",phillip.allen@enron.com,Re: 2001 Margin Plan,6c967cb8cec296e817842c0ec3dd1dfd76664de6e06882fdf90be545977cd862,79,1,Direct content match with email_importance.csv seed record
EXCL_00016,allen-p/_sent_mail/109.,allen-p,_sent_mail,"Wed, 4 Oct 2000 09:23:00 -0700 (PDT)",phillip.allen@enron.com,"Var, Reporting and Resources Meeting",0bd445a31b1b0d7f3fe02f78abe97198c16694679a906492156741315ab3c979,80,1,Direct content match with email_importance.csv seed record
EXCL_00017,allen-p/_sent_mail/11.,allen-p,_sent_mail,"Fri, 4 May 2001 11:26:00 -0700 (PDT)",phillip.allen@enron.com,,7b6d130ea2c5bb29b012e06715c941a9dacc92b3b639cc58cf8130aa8df0feb1,81,1,Direct content match with email_importance.csv seed record
EXCL_00018,allen-p/_sent_mail/110.,allen-p,_sent_mail,"Tue, 3 Oct 2000 09:30:00 -0700 (PDT)",phillip.allen@enron.com,Westgate,f21ceae4628889c386d4d4a0f8cd9f54421c7d02dba7eb37495cf0b034a2053c,82,1,Direct content match with email_importance.csv seed record
EXCL_00019,allen-p/_sent_mail/111.,allen-p,_sent_mail,"Tue, 3 Oct 2000 09:15:00 -0700 (PDT)",phillip.allen@enron.com,Meeting re: Storage Strategies in the West,e03702e810fca141b3496311b586e47b8bb2b34063ca92101648b61bad4bdb22,83,1,Direct content match with email_importance.csv seed record
EXCL_00020,allen-p/_sent_mail/112.,allen-p,_sent_mail,"Tue, 3 Oct 2000 09:13:00 -0700 (PDT)",phillip.allen@enron.com,,93bcc68a30013cbe94e8f71b0bc02bf6894b1dfb6fa86d72b354991c4b40e746,84,1,Direct content match with email_importance.csv seed record
EXCL_00021,allen-p/_sent_mail/113.,allen-p,_sent_mail,"Tue, 3 Oct 2000 03:17:00 -0700 (PDT)",phillip.allen@enron.com,Re: Not business related..,581b4352780f82dc530c3fcd1a5974589c934cfeddfc4d76f9d9cacdbef7dd81,85,0,Direct content match with email_importance.csv seed record
EXCL_00022,allen-p/_sent_mail/114.,allen-p,_sent_mail,"Mon, 2 Oct 2000 02:19:00 -0700 (PDT)",phillip.allen@enron.com,Re: Original Sept check/closing,a5a3f87df5911a67daf1d2a6795c47d5f09e227d5a59c366c9881de782656ff2,86,1,Direct content match with email_importance.csv seed record
EXCL_00023,allen-p/_sent_mail/115.,allen-p,_sent_mail,"Thu, 28 Sep 2000 06:17:00 -0700 (PDT)",phillip.allen@enron.com,San Juan Index,e9a42b2b9c399883118bc2276add1f651f91e43d7c7e6ee8384078e5a9ece4e0,87,0,Direct content match with email_importance.csv seed record
EXCL_00024,allen-p/_sent_mail/116.,allen-p,_sent_mail,"Thu, 28 Sep 2000 05:56:00 -0700 (PDT)",phillip.allen@enron.com,San Juan Index,273e4a17367a8bdb45458ef14b87ecd655c6a9dc93fb0e19f53474f069871730,88,1,Direct content match with email_importance.csv seed record
EXCL_00025,allen-p/_sent_mail/117.,allen-p,_sent_mail,"Tue, 26 Sep 2000 09:28:00 -0700 (PDT)",phillip.allen@enron.com,Investment Structure,a3be831c42ba183853ad401251f026b2ca33e7c1445a972ba2995d45221fe233,89,1,Direct content match with email_importance.csv seed record
EXCL_00026,allen-p/_sent_mail/118.,allen-p,_sent_mail,"Tue, 26 Sep 2000 09:26:00 -0700 (PDT)",phillip.allen@enron.com,Investment Structure,33495f436175b97c6fa7b46cbc40712ab62539878b1c2c0ae28868ac67d968b1,90,1,Direct content match with email_importance.csv seed record
EXCL_00027,allen-p/_sent_mail/119.,allen-p,_sent_mail,"Tue, 26 Sep 2000 07:01:00 -0700 (PDT)",phillip.allen@enron.com,,37160cbea6beef2338206008736b9839aed8b96c66c576f25948b81591339a8a,91,1,Direct content match with email_importance.csv seed record
EXCL_00028,allen-p/_sent_mail/12.,allen-p,_sent_mail,"Thu, 3 May 2001 15:57:00 -0700 (PDT)",phillip.allen@enron.com,,7aa3db3b710c7afefe190215ae29c090f7f2d5468dd0705af7d09676ff0a6cb5,92,1,Direct content match with email_importance.csv seed record
EXCL_00029,allen-p/_sent_mail/120.,allen-p,_sent_mail,"Tue, 26 Sep 2000 05:11:00 -0700 (PDT)",phillip.allen@enron.com,Re: Gas Trading Vision meeting,91645c7616d4f7446fb419dafd1e27b789578c592553de899377639f33b9b76e,93,1,Direct content match with email_importance.csv seed record
EXCL_00030,allen-p/_sent_mail/121.,allen-p,_sent_mail,"Tue, 26 Sep 2000 05:08:00 -0700 (PDT)",phillip.allen@enron.com,,2bb3c9c3fa0ba19a160f3153a6942822bbf9485ad6fe52e721104054baabffe2,94,1,Direct content match with email_importance.csv seed record
EXCL_00031,allen-p/_sent_mail/122.,allen-p,_sent_mail,"Tue, 26 Sep 2000 05:07:00 -0700 (PDT)",phillip.allen@enron.com,Gas Physical/Financial Position,f0c634c616d9af994dd417611db06a9c48ab10921bc3e75823ee253564677346,95,1,Direct content match with email_importance.csv seed record
EXCL_00032,allen-p/_sent_mail/123.,allen-p,_sent_mail,"Tue, 26 Sep 2000 04:57:00 -0700 (PDT)",phillip.allen@enron.com,closing,0406f81a441ecdd03edfd3111a440dfce8f43744e62a17da231a9d2295997b1d,96,1,Direct content match with email_importance.csv seed record
EXCL_00033,allen-p/_sent_mail/124.,allen-p,_sent_mail,"Mon, 25 Sep 2000 07:04:00 -0700 (PDT)",phillip.allen@enron.com,,e0e87bcb2be6df77476b0ec0adde2a9405148240aba624c7aa71b36435fba6ef,97,1,Direct content match with email_importance.csv seed record
EXCL_00034,allen-p/_sent_mail/125.,allen-p,_sent_mail,"Mon, 25 Sep 2000 07:01:00 -0700 (PDT)",phillip.allen@enron.com,,acc1d025737f763d33b7db92b4376bc49be58e5e7f96b174b4b59d2d82ffbd45,98,1,Direct content match with email_importance.csv seed record
EXCL_00035,allen-p/_sent_mail/126.,allen-p,_sent_mail,"Mon, 25 Sep 2000 07:01:00 -0700 (PDT)",phillip.allen@enron.com,,9180a62de2dd60138ebcd7e621315847c20d4d225042776d77b0bfe25b1a2c32,99,1,Direct content match with email_importance.csv seed record
EXCL_00036,allen-p/_sent_mail/127.,allen-p,_sent_mail,"Mon, 25 Sep 2000 05:47:00 -0700 (PDT)",phillip.allen@enron.com,,014cfcee8866fbaa43ea6ed21a923b33d645c06636764167fb3a6b81f8630d53,100,1,Direct content match with email_importance.csv seed record
EXCL_00037,allen-p/_sent_mail/128.,allen-p,_sent_mail,"Fri, 22 Sep 2000 00:06:00 -0700 (PDT)",phillip.allen@enron.com,,8707b2974c9b0c13fefd767abe44cc72bc64df4181f8acbf417f60802637fc5a,101,1,Direct content match with email_importance.csv seed record
EXCL_00038,allen-p/_sent_mail/129.,allen-p,_sent_mail,"Wed, 20 Sep 2000 08:06:00 -0700 (PDT)",phillip.allen@enron.com,,e09950eb6fb429d48e78d1a6601aa6a3680dfdbc04c74c4eadcba6cf3f04b218,102,1,Direct content match with email_importance.csv seed record
EXCL_00039,allen-p/_sent_mail/13.,allen-p,_sent_mail,"Wed, 2 May 2001 12:36:00 -0700 (PDT)",phillip.allen@enron.com,,6dfcb9eb32452b63cbe065562cb170f8a9192f8cb66b0879b3cdb3e7cadb7b1d,103,1,Direct content match with email_importance.csv seed record
EXCL_00040,allen-p/_sent_mail/130.,allen-p,_sent_mail,"Wed, 20 Sep 2000 06:34:00 -0700 (PDT)",phillip.allen@enron.com,,426da3654df99c4827c1d815b927e1581b3430e3c91c55adce1112dab8f122a9,104,1,Direct content match with email_importance.csv seed record
EXCL_00041,allen-p/_sent_mail/131.,allen-p,_sent_mail,"Tue, 19 Sep 2000 09:35:00 -0700 (PDT)",phillip.allen@enron.com,Westgate Proforma-Phillip Allen.xls,6e9c0faef00c182d182234aa6c55da115533bdfa7ecf59dbb1fedbb3fffaeffb,105,1,Direct content match with email_importance.csv seed record
EXCL_00042,allen-p/_sent_mail/132.,allen-p,_sent_mail,"Tue, 19 Sep 2000 07:26:00 -0700 (PDT)",phillip.allen@enron.com,,3063a215da262b64f4f6fdb72d768b315ed0675135275082031d902b29b5b4ba,106,1,Direct content match with email_importance.csv seed record
EXCL_00043,allen-p/_sent_mail/133.,allen-p,_sent_mail,"Tue, 19 Sep 2000 03:15:00 -0700 (PDT)",phillip.allen@enron.com,,88d1e1640216cce2f6e0136df50e58a447aeb0aa775d8904a2009be8590792ac,107,0,Direct content match with email_importance.csv seed record
EXCL_00044,allen-p/_sent_mail/134.,allen-p,_sent_mail,"Mon, 18 Sep 2000 02:34:00 -0700 (PDT)",phillip.allen@enron.com,Re: burnet,4e7e5efc933b68ae2b775552494109e64867d1b1b85dff3b57217d0232067921,108,1,Direct content match with email_importance.csv seed record
EXCL_00045,allen-p/_sent_mail/135.,allen-p,_sent_mail,"Wed, 13 Sep 2000 06:02:00 -0700 (PDT)",phillip.allen@enron.com,,2f526c23a75134c025d3746c3d5fb88ac5fdb004e98eb3d5c4e426c5642d9688,109,1,Direct content match with email_importance.csv seed record
EXCL_00046,allen-p/_sent_mail/136.,allen-p,_sent_mail,"Tue, 12 Sep 2000 06:42:00 -0700 (PDT)",phillip.allen@enron.com,Re: Sept 1 Payment,89a85fbb03bdbe51c49e82ddf0cdc67eba62ddcc8d8a62886a638743d384915c,110,1,Direct content match with email_importance.csv seed record
EXCL_00047,allen-p/_sent_mail/137.,allen-p,_sent_mail,"Tue, 12 Sep 2000 06:06:00 -0700 (PDT)",phillip.allen@enron.com,,0fee29e020394ced617cc5c1b5b327a850e1c1ea2ed54b981890fa47a856222d,111,1,Direct content match with email_importance.csv seed record
EXCL_00048,allen-p/_sent_mail/138.,allen-p,_sent_mail,"Tue, 12 Sep 2000 04:23:00 -0700 (PDT)",phillip.allen@enron.com,Contact list for mid market,8e46bf8875f8a0f29e924a8c84719cf364c46749be2ade20363a738955608172,112,1,Direct content match with email_importance.csv seed record
EXCL_00049,allen-p/_sent_mail/139.,allen-p,_sent_mail,"Tue, 12 Sep 2000 00:27:00 -0700 (PDT)",phillip.allen@enron.com,,78e562b71a5f9828e5549d5ccfccd4843b371f78d1b2fe72c6abca2ae0a45306,113,0,Direct content match with email_importance.csv seed record
EXCL_00050,allen-p/_sent_mail/14.,allen-p,_sent_mail,"Wed, 2 May 2001 10:27:00 -0700 (PDT)",phillip.allen@enron.com,Re: 2- SURVEY - PHILLIP ALLEN,c1f4df7364a96da54d8a21d35b997de68fc035ecc1b3b90a8c164f10d8b2af73,114,0,Direct content match with email_importance.csv seed record
EXCL_00051,allen-p/_sent_mail/140.,allen-p,_sent_mail,"Mon, 11 Sep 2000 09:57:00 -0700 (PDT)",phillip.allen@enron.com,Westgate Proforma-Phillip Allen.xls,6960581001f40825fe42d45770b0af0b3fc3939610a07106f142f220d3fd893b,115,1,Direct content match with email_importance.csv seed record
EXCL_00052,allen-p/_sent_mail/141.,allen-p,_sent_mail,"Mon, 11 Sep 2000 09:30:00 -0700 (PDT)",phillip.allen@enron.com,Re: Chelsea Villas,7248954830e88f6666db95bf94a73ab61c0bebc1beb2b2a615b592ee280eaddb,116,1,Direct content match with email_importance.csv seed record
EXCL_00053,allen-p/_sent_mail/142.,allen-p,_sent_mail,"Mon, 11 Sep 2000 08:07:00 -0700 (PDT)",phillip.allen@enron.com,,317f350696a5dd5f0a03d91b7300f5a59b00f7fd2902a2ca27ebf64327aa1390,117,1,Direct content match with email_importance.csv seed record
EXCL_00054,allen-p/_sent_mail/143.,allen-p,_sent_mail,"Mon, 11 Sep 2000 07:16:00 -0700 (PDT)",phillip.allen@enron.com,Re: VaR by Curve,2cdf2100868a735c927234f831776f8fa9b0f1bcff61ff402424871ebe58ed30,118,0,Direct content match with email_importance.csv seed record
EXCL_00055,allen-p/_sent_mail/144.,allen-p,_sent_mail,"Mon, 11 Sep 2000 02:19:00 -0700 (PDT)",phillip.allen@enron.com,Re: Sagewood etc.,6185ad7b1547935385d725eb97929c67c758009161b3c6dd643b09a706592258,119,1,Direct content match with email_importance.csv seed record
EXCL_00056,allen-p/_sent_mail/145.,allen-p,_sent_mail,"Fri, 8 Sep 2000 05:30:00 -0700 (PDT)",phillip.allen@enron.com,Sagewood Town Homes,8ac5ca63914da730eee88a40da16de8dadbd6919f1f73b938cc3d3b238fa882b,120,1,Direct content match with email_importance.csv seed record
EXCL_00057,allen-p/_sent_mail/146.,allen-p,_sent_mail,"Fri, 8 Sep 2000 05:29:00 -0700 (PDT)",phillip.allen@enron.com,Westgate Proforma-Phillip Allen.xls,e07797d6de16ff2e097fdeb73ce368a1f2f2fa61332f05d8a2a7da485ebcc934,121,1,Direct content match with email_importance.csv seed record
EXCL_00058,allen-p/_sent_mail/147.,allen-p,_sent_mail,"Wed, 6 Sep 2000 08:54:00 -0700 (PDT)",phillip.allen@enron.com,utilities roll,8161c863780f41637bcbd6421e4d59dcbc1539d954b78bb35c4532f6a16ab977,122,0,Direct content match with email_importance.csv seed record
EXCL_00059,allen-p/_sent_mail/148.,allen-p,_sent_mail,"Wed, 6 Sep 2000 07:02:00 -0700 (PDT)",phillip.allen@enron.com,TIME SENSITIVE: Executive Impact & Influence Program Survey,fe2583bd9d13724fce8ed427b6891c3438862c8d86e80fc940aa4b7a22b57ac3,123,1,Direct content match with email_importance.csv seed record
EXCL_00060,allen-p/_sent_mail/149.,allen-p,_sent_mail,"Wed, 6 Sep 2000 07:00:00 -0700 (PDT)",phillip.allen@enron.com,,021fe5309bd6c5de1a8daf06975d7d681311d2dc636cc51e0ffb45609e6a6d0b,124,1,Direct content match with email_importance.csv seed record
EXCL_00061,allen-p/_sent_mail/15.,allen-p,_sent_mail,"Tue, 1 May 2001 17:14:00 -0700 (PDT)",phillip.allen@enron.com,4-URGENT - OWA Please print this now.,bb2505f667112c1d22c3ec55321847e1d91b1f446e445735ded68e9feeaaa641,125,0,Direct content match with email_importance.csv seed record
EXCL_00062,allen-p/_sent_mail/150.,allen-p,_sent_mail,"Wed, 6 Sep 2000 06:04:00 -0700 (PDT)",phillip.allen@enron.com,,c954504ad1b363abf3ed57a9d56fd30a8d91df660f27722c91e23deffa30e261,126,1,Direct content match with email_importance.csv seed record
EXCL_00063,allen-p/_sent_mail/151.,allen-p,_sent_mail,"Wed, 6 Sep 2000 04:46:00 -0700 (PDT)",phillip.allen@enron.com,Wow,6f923dd704d6721df5b0979b50350608237fa6de79b3848ee38c67a822b710c7,127,0,Direct content match with email_importance.csv seed record
EXCL_00064,allen-p/_sent_mail/152.,allen-p,_sent_mail,"Wed, 6 Sep 2000 03:46:00 -0700 (PDT)",phillip.allen@enron.com,Re:,7b3ef69413e82b4d011a6e7d8e60fe3b1bb136138f1847ea5eb91fb6c626543e,128,1,Direct content match with email_importance.csv seed record
EXCL_00065,allen-p/_sent_mail/153.,allen-p,_sent_mail,"Tue, 5 Sep 2000 23:22:00 -0700 (PDT)",phillip.allen@enron.com,Re:,da7feb7280e2025c4f1d3b73295f29e31f1f4114570c2d7ec62cc009d43819d5,129,0,Direct content match with email_importance.csv seed record
EXCL_00066,allen-p/_sent_mail/155.,allen-p,_sent_mail,"Tue, 5 Sep 2000 06:30:00 -0700 (PDT)",phillip.allen@enron.com,,d2473eea43973973e10a561219a121cdb1e81628e7a7a9aff73176b908fe8b9a,131,1,Direct content match with email_importance.csv seed record
EXCL_00067,allen-p/_sent_mail/156.,allen-p,_sent_mail,"Fri, 1 Sep 2000 06:08:00 -0700 (PDT)",phillip.allen@enron.com,FYI,2faaa76f2e5173c0b6c3c3146c80d5428408ef83b8deb98d1b062f59d16c58d6,132,0,Direct content match with email_importance.csv seed record
EXCL_00068,allen-p/_sent_mail/157.,allen-p,_sent_mail,"Thu, 31 Aug 2000 07:36:00 -0700 (PDT)",phillip.allen@enron.com,Re: Western Gas Market Report -- Draft,c1c7a3e19a6dbdb68b62ffd29b990ca2fd48ed05d6a233c667f140df9beb97cc,133,0,Direct content match with email_importance.csv seed record
EXCL_00069,allen-p/_sent_mail/158.,allen-p,_sent_mail,"Thu, 31 Aug 2000 06:54:00 -0700 (PDT)",phillip.allen@enron.com,,d036fb9e7c80dac161718c64c46f92d03e1e4dfef87ef07c62dc04c6746e6773,134,1,Direct content match with email_importance.csv seed record
EXCL_00070,allen-p/_sent_mail/16.,allen-p,_sent_mail,"Tue, 1 May 2001 17:14:00 -0700 (PDT)",phillip.allen@enron.com,2- SURVEY/INFORMATION EMAIL,5910fb7741c906d379090c6d1efae61f417a33246841b8dbb2a02400c805f51c,136,0,Direct content match with email_importance.csv seed record
EXCL_00071,allen-p/_sent_mail/160.,allen-p,_sent_mail,"Thu, 31 Aug 2000 05:02:00 -0700 (PDT)",phillip.allen@enron.com,,1726828f894839354fc2be4573165e8660ec087b3975acfb33b9b649244bc84c,137,0,Direct content match with email_importance.csv seed record
EXCL_00072,allen-p/_sent_mail/161.,allen-p,_sent_mail,"Thu, 31 Aug 2000 03:17:00 -0700 (PDT)",phillip.allen@enron.com,,5d26cd8211ead30e04432dfbb9a011e2247ec2e8c44a88e43d0726714f60fa64,138,0,Direct content match with email_importance.csv seed record
EXCL_00073,allen-p/_sent_mail/162.,allen-p,_sent_mail,"Wed, 30 Aug 2000 08:14:00 -0700 (PDT)",phillip.allen@enron.com,Re: (No Subject),b76c8c378e5d148af3da1a3da4b61abae721f404ceba12f5ac5a6759afa041a0,139,0,Direct content match with email_importance.csv seed record
EXCL_00074,allen-p/_sent_mail/163.,allen-p,_sent_mail,"Wed, 30 Aug 2000 06:20:00 -0700 (PDT)",phillip.allen@enron.com,Re: Security Request: CLOG-4NNJEZ has been Denied.,441f829bd8a7b7a7ade571c142cff90a2fcdc265f87f99c0116e72da032af2d9,140,1,Direct content match with email_importance.csv seed record
EXCL_00075,allen-p/_sent_mail/164.,allen-p,_sent_mail,"Tue, 29 Aug 2000 09:20:00 -0700 (PDT)",phillip.allen@enron.com,,4f7c01d395d01fb52334a350b9ed32bb3467df2f97958601f19535cb99b97e74,141,0,Direct content match with email_importance.csv seed record
EXCL_00076,allen-p/_sent_mail/165.,allen-p,_sent_mail,"Tue, 29 Aug 2000 05:38:00 -0700 (PDT)",phillip.allen@enron.com,,b9e05eb5d4761fb5c14e5e3b58eae8e86b3bc14663bd50cf725cc9d565a918b9,142,1,Direct content match with email_importance.csv seed record
EXCL_00077,allen-p/_sent_mail/166.,allen-p,_sent_mail,"Mon, 28 Aug 2000 09:30:00 -0700 (PDT)",phillip.allen@enron.com,,f1d6565cee4872d40746f3ce4a5192cb8cc2f4c24c725f87871e2e6430f91a93,143,0,Direct content match with email_importance.csv seed record
EXCL_00078,allen-p/_sent_mail/167.,allen-p,_sent_mail,"Mon, 28 Aug 2000 06:40:00 -0700 (PDT)",phillip.allen@enron.com,New Generation,c1d3c40e8c800990c657e3c6bc7cff1cc059113e7062256e6571c8405f8af460,144,0,Direct content match with email_importance.csv seed record
EXCL_00079,allen-p/_sent_mail/168.,allen-p,_sent_mail,"Mon, 28 Aug 2000 06:12:00 -0700 (PDT)",phillip.allen@enron.com,,d89ae9411075cf1ec18f7a58466c19c4cfba80101f715327bb5493b3b6a0d11b,145,1,Direct content match with email_importance.csv seed record
EXCL_00080,allen-p/_sent_mail/169.,allen-p,_sent_mail,"Mon, 28 Aug 2000 06:07:00 -0700 (PDT)",phillip.allen@enron.com,,04df8bccd629380a9ea863cd3617c731cd994a00ba034add2e6cee3a8b5b0233,146,1,Direct content match with email_importance.csv seed record
EXCL_00081,allen-p/_sent_mail/17.,allen-p,_sent_mail,"Mon, 30 Apr 2001 19:04:00 -0700 (PDT)",phillip.allen@enron.com,Re: Request from Steve Kean,d3b0d8799ad3e7b667d1a946d12c792b894ce10e4cb436c987716793dd102c39,147,0,Direct content match with email_importance.csv seed record
EXCL_00082,allen-p/_sent_mail/170.,allen-p,_sent_mail,"Fri, 25 Aug 2000 06:32:00 -0700 (PDT)",phillip.allen@enron.com,Re: Meeting to discuss 2001 direct expense plan?,f5e1c3cc6949ed3b95ff3f7e190407b72deb4845cebbcaaf596970ece541c700,148,1,Direct content match with email_importance.csv seed record
EXCL_00083,allen-p/_sent_mail/171.,allen-p,_sent_mail,"Fri, 25 Aug 2000 04:03:00 -0700 (PDT)",phillip.allen@enron.com,Re: regulatory filing summary,f65fa89ca5a38677927db789630e890e050b9ddf1de7b4d75619b1fcdaec2e6e,149,1,Direct content match with email_importance.csv seed record
EXCL_00084,allen-p/_sent_mail/173.,allen-p,_sent_mail,"Fri, 25 Aug 2000 01:58:00 -0700 (PDT)",phillip.allen@enron.com,Re: Evaluation for new trading application,364b32085bea887bf40e16e9ca27991ff12606762e96b16ceb20a6996e846796,151,1,Direct content match with email_importance.csv seed record
EXCL_00085,allen-p/_sent_mail/174.,allen-p,_sent_mail,"Fri, 25 Aug 2000 01:47:00 -0700 (PDT)",phillip.allen@enron.com,,a3969e4ab6b8ffd721cb73a276b78398cfc1b4f12f8b07fd63d94ab9da16bddb,152,0,Direct content match with email_importance.csv seed record
EXCL_00086,allen-p/_sent_mail/175.,allen-p,_sent_mail,"Thu, 24 Aug 2000 02:48:00 -0700 (PDT)",phillip.allen@enron.com,Re: receipts,50e7791bccfe0834e59dab8928c010ba9bb2dd52deb582ddf2b958cb5cbf0622,153,0,Direct content match with email_importance.csv seed record
EXCL_00087,allen-p/_sent_mail/176.,allen-p,_sent_mail,"Wed, 23 Aug 2000 08:23:00 -0700 (PDT)",phillip.allen@enron.com,Re: ENA Fileplan Project - Needs your approval,69d0f132f8c374f801f6fb5be5a003d83985b6f219f7273565b307adfd8e94ab,154,1,Direct content match with email_importance.csv seed record
EXCL_00088,allen-p/_sent_mail/177.,allen-p,_sent_mail,"Wed, 23 Aug 2000 07:09:00 -0700 (PDT)",phillip.allen@enron.com,Re: checkbook and budget,01c7f6ef8675a5eb7266436cb620d085724a75af5068086759e3c3d8832f3b22,155,1,Direct content match with email_importance.csv seed record
EXCL_00089,allen-p/_sent_mail/178.,allen-p,_sent_mail,"Wed, 23 Aug 2000 04:25:00 -0700 (PDT)",phillip.allen@enron.com,,bc7c3ed79f6274e1bd6943457bb9d0364630915776295f48ee2744a72826d78c,156,1,Direct content match with email_importance.csv seed record
EXCL_00090,allen-p/_sent_mail/179.,allen-p,_sent_mail,"Tue, 22 Aug 2000 08:22:00 -0700 (PDT)",phillip.allen@enron.com,,eae8832bd997c70319896b96e0540e298c0e77964a1e89672e4c012301b695d2,157,1,Direct content match with email_importance.csv seed record
EXCL_00091,allen-p/_sent_mail/18.,allen-p,_sent_mail,"Mon, 30 Apr 2001 14:22:00 -0700 (PDT)",phillip.allen@enron.com,Request from Steve Kean,45d9f6766e715a82a169784ec4b34784f627f5ed5b5e7774c298302a1fd0f36b,158,0,Direct content match with email_importance.csv seed record
EXCL_00092,allen-p/_sent_mail/180.,allen-p,_sent_mail,"Mon, 21 Aug 2000 09:40:00 -0700 (PDT)",phillip.allen@enron.com,,5c6f5e0f2535562fe826ff0d3b8e36725f21c014a60f8b2067e0c14a9535e06a,159,0,Direct content match with email_importance.csv seed record
EXCL_00093,allen-p/_sent_mail/181.,allen-p,_sent_mail,"Sun, 20 Aug 2000 10:39:00 -0700 (PDT)",phillip.allen@enron.com,Daily Duties,e8359185e9e68b36ffc3bc06b2436ebf6342a954bc173a4dc1bb4085ca9eee51,160,0,Direct content match with email_importance.csv seed record
EXCL_00094,allen-p/_sent_mail/182.,allen-p,_sent_mail,"Sun, 20 Aug 2000 10:39:00 -0700 (PDT)",phillip.allen@enron.com,Daily Report,a1c08a55c271e146419b0d67be7c7a510b447006d66cca1a2472b2436029e658,161,0,Direct content match with email_importance.csv seed record
EXCL_00095,allen-p/_sent_mail/183.,allen-p,_sent_mail,"Sun, 20 Aug 2000 10:38:00 -0700 (PDT)",phillip.allen@enron.com,Daily Report,c6f4452c847b90a861fb1f11e435b509b369cca9821b577a87999402b9f11c96,162,0,Direct content match with email_importance.csv seed record
EXCL_00096,allen-p/_sent_mail/184.,allen-p,_sent_mail,"Thu, 17 Aug 2000 08:53:00 -0700 (PDT)",phillip.allen@enron.com,Re: enron close to 85,7615fdab5751e8618eaed1d947e530b5122886942290399c291254dfe875017b,163,1,Direct content match with email_importance.csv seed record
EXCL_00097,allen-p/_sent_mail/185.,allen-p,_sent_mail,"Wed, 16 Aug 2000 05:35:00 -0700 (PDT)",phillip.allen@enron.com,Re:,4a5a8ebcca8ac11095e6455282174469a4f5806e3c94439f4acd5468d5c47b3c,164,0,Direct content match with email_importance.csv seed record
EXCL_00098,allen-p/_sent_mail/186.,allen-p,_sent_mail,"Wed, 16 Aug 2000 03:59:00 -0700 (PDT)",phillip.allen@enron.com,ENA Management Committee,d610118307993a4ef89c3fbbccbe9c1db03ae98f9b22b0c3bfe71a3be9a3696b,165,1,Direct content match with email_importance.csv seed record
EXCL_00099,allen-p/_sent_mail/187.,allen-p,_sent_mail,"Wed, 16 Aug 2000 03:57:00 -0700 (PDT)",phillip.allen@enron.com,Re:,0a4942db1cefe93729e34cd8a34ad21eab6886d52d173ad8ef0d62dfa281184d,166,0,Direct content match with email_importance.csv seed record
EXCL_00100,allen-p/_sent_mail/188.,allen-p,_sent_mail,"Tue, 15 Aug 2000 05:37:00 -0700 (PDT)",phillip.allen@enron.com,,85e1370345177d2b3ecdf96108ad7af6c90d45a0cb292406de4fbc1d8fb31c49,167,1,Direct content match with email_importance.csv seed record
EXCL_00101,allen-p/_sent_mail/189.,allen-p,_sent_mail,"Thu, 10 Aug 2000 15:02:00 -0700 (PDT)",phillip.allen@enron.com,Re: Your approval is requested,7afb950ef70f351df40d8a40c973baae899f114a6d921090fcb1aa08e259c1b8,168,1,Direct content match with email_importance.csv seed record
EXCL_00102,allen-p/_sent_mail/19.,allen-p,_sent_mail,"Mon, 30 Apr 2001 13:37:00 -0700 (PDT)",phillip.allen@enron.com,Request from Steve Kean,f928bcbcc0f624b12ccef3080cca0d26ab7841be32a7dd2cb758daf421ecf96f,169,1,Direct content match with email_importance.csv seed record
EXCL_00103,allen-p/_sent_mail/190.,allen-p,_sent_mail,"Thu, 10 Aug 2000 05:36:00 -0700 (PDT)",phillip.allen@enron.com,tv on 33,29f3d3ad7b59f40804f4ea32d8cd1f47e141719627e5936f200750959924a9bd,170,0,Direct content match with email_importance.csv seed record
EXCL_00104,allen-p/_sent_mail/191.,allen-p,_sent_mail,"Thu, 10 Aug 2000 01:52:00 -0700 (PDT)",phillip.allen@enron.com,Re: Ad Hoc VaR model,09fcf503232417ae5a92b08e13e7684b533209362ce6ea5116785e6d4afc16da,171,0,Direct content match with email_importance.csv seed record
EXCL_00105,allen-p/_sent_mail/192.,allen-p,_sent_mail,"Wed, 9 Aug 2000 07:12:00 -0700 (PDT)",phillip.allen@enron.com,TRANSPORTATION MODEL,33cc8e95001726ff07907dc535bdd557ecffb8686164548880081d4918ac9ad5,172,1,Direct content match with email_importance.csv seed record
EXCL_00106,allen-p/_sent_mail/193.,allen-p,_sent_mail,"Wed, 9 Aug 2000 07:11:00 -0700 (PDT)",phillip.allen@enron.com,Re: TRANSPORTATION MODEL,a44f5b6092ec6d02648cfa13cc181d7ddc2cd1417378cc7dddf9f1719bc78331,173,0,Direct content match with email_importance.csv seed record
EXCL_00107,allen-p/_sent_mail/194.,allen-p,_sent_mail,"Wed, 9 Aug 2000 06:28:00 -0700 (PDT)",phillip.allen@enron.com,,6064218f4ace33746d07b5a103eb2a9321cfa8bacacf2cf3fbf3ef704bdde1e3,174,1,Direct content match with email_importance.csv seed record
EXCL_00108,allen-p/_sent_mail/195.,allen-p,_sent_mail,"Tue, 8 Aug 2000 09:31:00 -0700 (PDT)",phillip.allen@enron.com,Your Approval is Overdue: Access Request for paul.t.lucci@enron.com,d517427ee1b718328b1dbdf0356919a4929176b03b2b6d03692ba1acc93df977,175,1,Direct content match with email_importance.csv seed record
EXCL_00109,allen-p/_sent_mail/196.,allen-p,_sent_mail,"Tue, 8 Aug 2000 09:30:00 -0700 (PDT)",phillip.allen@enron.com,Request Submitted: Access Request for frank.ermis@enron.com,2dea885555439134a36ccf8acffb54283adf0cd96f0c563d26d2578891613f4e,176,1,Direct content match with email_importance.csv seed record
EXCL_00110,allen-p/_sent_mail/197.,allen-p,_sent_mail,"Tue, 8 Aug 2000 09:27:00 -0700 (PDT)",phillip.allen@enron.com,Re: trading opportunities,b03e0ea69287ee6fb262dd9f803186857edce5d0b114ca055889df79c7a21d41,177,0,Direct content match with email_importance.csv seed record
EXCL_00111,allen-p/_sent_mail/198.,allen-p,_sent_mail,"Mon, 7 Aug 2000 05:43:00 -0700 (PDT)",phillip.allen@enron.com,New Socal Curves,523f176c44f9769891171542f50dadacae89ab3f00f2061f782012f298f7d6a5,178,0,Direct content match with email_importance.csv seed record
EXCL_00112,allen-p/_sent_mail/199.,allen-p,_sent_mail,"Mon, 7 Aug 2000 02:14:00 -0700 (PDT)",phillip.allen@enron.com,Re: Report on Property,6577b35bd52e4de959e646bd18107a150ac56eac1673de6b162d5405dc886802,179,1,Direct content match with email_importance.csv seed record
EXCL_00113,allen-p/_sent_mail/2.,allen-p,_sent_mail,"Mon, 14 May 2001 13:39:00 -0700 (PDT)",phillip.allen@enron.com,Re: 2- SURVEY/INFORMATION EMAIL 5-14- 01,0d4bee6c28dbf4c6d8801700c4c7dd3178daf826dec95feb4d482585a2cf83aa,180,1,Direct content match with email_importance.csv seed record
EXCL_00114,allen-p/_sent_mail/20.,allen-p,_sent_mail,"Fri, 27 Apr 2001 13:37:00 -0700 (PDT)",phillip.allen@enron.com,Re: Analyst Resume - Rafael Avila,62e335a10fcd49b124b9e6af5bf44cfe3e70eee76be7ac14a4e2dea89bc18939,181,1,Direct content match with email_importance.csv seed record
EXCL_00115,allen-p/_sent_mail/200.,allen-p,_sent_mail,"Mon, 7 Aug 2000 00:06:00 -0700 (PDT)",phillip.allen@enron.com,Gas fundamentals development website,de689a10e5d38695e36f1ae81d8eaeeddf20b2ebbe4c71241f60e28df3d4d4ef,182,1,Direct content match with email_importance.csv seed record
EXCL_00116,allen-p/_sent_mail/201.,allen-p,_sent_mail,"Sat, 5 Aug 2000 09:38:00 -0700 (PDT)",phillip.allen@enron.com,,c2e86fa7b20a15e6b3c2f1ca7f66667d7859668f157dd144f894ca3786272a0a,183,0,Direct content match with email_importance.csv seed record
EXCL_00117,allen-p/_sent_mail/202.,allen-p,_sent_mail,"Fri, 4 Aug 2000 07:00:00 -0700 (PDT)",phillip.allen@enron.com,,38ba53ec96e8f4b3d6ccdc33be855bf2595e0b5a970fb915eba2dca0e7cfe64d,184,1,Direct content match with email_importance.csv seed record
EXCL_00118,allen-p/_sent_mail/203.,allen-p,_sent_mail,"Fri, 4 Aug 2000 05:43:00 -0700 (PDT)",phillip.allen@enron.com,,c108c22001976a381a3a1c3818232aba404d928f1a5fb9f07acb0d35fa2bf8f6,185,1,Direct content match with email_importance.csv seed record
EXCL_00119,allen-p/_sent_mail/204.,allen-p,_sent_mail,"Thu, 3 Aug 2000 00:12:00 -0700 (PDT)",phillip.allen@enron.com,Re: Electric Overage (1824.62),2eceb40997461ed3c5e31c7e57742db3ae78cb723a03342fc4b6b8ace1bc0e9d,186,1,Direct content match with email_importance.csv seed record
EXCL_00120,allen-p/_sent_mail/205.,allen-p,_sent_mail,"Wed, 26 Jul 2000 03:56:00 -0700 (PDT)",phillip.allen@enron.com,New Generation Update 7/24/00,38e5f28e097e879d933dd9ac6472c0b83e1209479cfb4c8eea1ae20a7471ce07,187,0,Direct content match with email_importance.csv seed record
EXCL_00121,allen-p/_sent_mail/206.,allen-p,_sent_mail,"Wed, 26 Jul 2000 03:46:00 -0700 (PDT)",phillip.allen@enron.com,Re: New Notice from Transwestern Pipeline Co.,3e25507d67d6c24048ecf7402edc23b325576878aa1bf5b7ccf202bbdcbd6ba8,188,1,Direct content match with email_importance.csv seed record
EXCL_00122,allen-p/_sent_mail/207.,allen-p,_sent_mail,"Wed, 26 Jul 2000 03:44:00 -0700 (PDT)",phillip.allen@enron.com,Price for Stanfield Term,558a34e8b6b7a58f91f7727f82ae45f3078479b31f496a44ba9837de427daaba,189,1,Direct content match with email_importance.csv seed record
EXCL_00123,allen-p/_sent_mail/208.,allen-p,_sent_mail,"Tue, 25 Jul 2000 10:08:00 -0700 (PDT)",phillip.allen@enron.com,For Wade,52277cab394b5efd9120aad857a75113788ff2942427b128041bd17aee71ad96,190,1,Direct content match with email_importance.csv seed record
EXCL_00124,allen-p/_sent_mail/209.,allen-p,_sent_mail,"Mon, 24 Jul 2000 03:15:00 -0700 (PDT)",phillip.allen@enron.com,Re: your address,27017090bde0ec987100dbc0fd6430ec73041ba07e9a5c503b13c8c85c9acf26,191,1,Direct content match with email_importance.csv seed record
EXCL_00125,allen-p/_sent_mail/210.,allen-p,_sent_mail,"Thu, 20 Jul 2000 09:59:00 -0700 (PDT)",phillip.allen@enron.com,,b5652189bdc296e79b1c3e0a6ff0fb9471df92c9c265e8c9ec1ccc813acd10fb,193,0,Direct content match with email_importance.csv seed record
EXCL_00126,allen-p/_sent_mail/211.,allen-p,_sent_mail,"Wed, 19 Jul 2000 03:39:00 -0700 (PDT)",phillip.allen@enron.com,Interactive Information Resource,77fcf2f8081f9676f366ad8b4aefeb3077442e211e998ba47672a2e070781d0d,194,0,Direct content match with email_importance.csv seed record
EXCL_00127,allen-p/_sent_mail/212.,allen-p,_sent_mail,"Tue, 18 Jul 2000 02:38:00 -0700 (PDT)",phillip.allen@enron.com,Re: lunch,0caa296e7b4aef84aa6aec4fd975630ed07ed41391dc6050ec4017fc5cf2e997,195,1,Direct content match with email_importance.csv seed record
EXCL_00128,allen-p/_sent_mail/213.,allen-p,_sent_mail,"Mon, 17 Jul 2000 03:46:00 -0700 (PDT)",phillip.allen@enron.com,Comments on Order 637 Compliance Filings,77731bf966d1833c56a63f32e29a22a1cdd1ba18f5b571562f6907e8f3e706ec,196,1,Direct content match with email_importance.csv seed record
EXCL_00129,allen-p/_sent_mail/214.,allen-p,_sent_mail,"Fri, 14 Jul 2000 07:01:00 -0700 (PDT)",phillip.allen@enron.com,El Paso Blanco Avg product,b914797b21d2700cd7d10e14a528486a048619932c22db73d52373a77400a5c4,197,1,Direct content match with email_importance.csv seed record
EXCL_00130,allen-p/_sent_mail/215.,allen-p,_sent_mail,"Fri, 14 Jul 2000 06:51:00 -0700 (PDT)",phillip.allen@enron.com,Re: 65th BD for Nea,dcabf3a8ac7ad92cbaa855b2cb1aea4f88b9252446b3655c972cab29d8348772,198,1,Direct content match with email_importance.csv seed record
EXCL_00131,allen-p/_sent_mail/216.,allen-p,_sent_mail,"Thu, 13 Jul 2000 03:24:00 -0700 (PDT)",phillip.allen@enron.com,Project Elvis and Cactus Open Gas Position,dc49859cde78b8b7e806cd3328772de1dfcd1ddebb4f93e001bd9de64d4f159a,199,1,Direct content match with email_importance.csv seed record
EXCL_00132,allen-p/_sent_mail/217.,allen-p,_sent_mail,"Wed, 12 Jul 2000 07:19:00 -0700 (PDT)",phillip.allen@enron.com,assoc. for west desk,914b28a1785b4612a77e08434cc39691d300d4f3ec048ac9325e1f090ee2c723,200,1,Direct content match with email_importance.csv seed record
EXCL_00133,allen-p/_sent_mail/218.,allen-p,_sent_mail,"Tue, 11 Jul 2000 09:59:00 -0700 (PDT)",phillip.allen@enron.com,,9e6338ec46b629d8d623fd0d949892ab7302c7d499d4473e6c20b7339cfcbeae,201,0,Direct content match with email_importance.csv seed record
EXCL_00134,allen-p/_sent_mail/219.,allen-p,_sent_mail,"Tue, 11 Jul 2000 09:24:00 -0700 (PDT)",phillip.allen@enron.com,Systems Meeting 7/18,138b2e19f5056b5137daefee69e73c9f24652a7859535e56643b81d711d49155,202,1,Direct content match with email_importance.csv seed record
EXCL_00135,allen-p/_sent_mail/22.,allen-p,_sent_mail,"Thu, 26 Apr 2001 17:01:00 -0700 (PDT)",phillip.allen@enron.com,Re: Leander etc.,276318b6cd0ab2e4e81966b206357133ef69203395540943a60394eb8dbf75ad,203,1,Direct content match with email_importance.csv seed record
EXCL_00136,allen-p/_sent_mail/220.,allen-p,_sent_mail,"Tue, 11 Jul 2000 05:54:00 -0700 (PDT)",phillip.allen@enron.com,assoc. for west desk,33afd9e3ee632c17fe7a3b9f976efdbe9278188ca109872aadb03fd4b0570d20,204,1,Direct content match with email_importance.csv seed record
EXCL_00137,allen-p/_sent_mail/221.,allen-p,_sent_mail,"Tue, 11 Jul 2000 02:50:00 -0700 (PDT)",phillip.allen@enron.com,Re: Katy flatlands,c6ef8db9501d3baf7d820003882f794fb332d962c68e336cc494edb78960850c,205,1,Direct content match with email_importance.csv seed record
EXCL_00138,allen-p/_sent_mail/222.,allen-p,_sent_mail,"Tue, 11 Jul 2000 02:12:00 -0700 (PDT)",phillip.allen@enron.com,Re: New Notice from Transwestern Pipeline Co.,950cc4a2267b8686072a96aa92d17e6cfe70897f523d3fb82fccdd3c447e4eb8,206,1,Direct content match with email_importance.csv seed record
EXCL_00139,allen-p/_sent_mail/223.,allen-p,_sent_mail,"Mon, 10 Jul 2000 23:26:00 -0700 (PDT)",phillip.allen@enron.com,test,393803938b77281405df9930a820b4ac84db70ea1bb359f3e20f7268c47b2466,207,0,Direct content match with email_importance.csv seed record
EXCL_00140,allen-p/_sent_mail/224.,allen-p,_sent_mail,"Mon, 10 Jul 2000 23:12:00 -0700 (PDT)",phillip.allen@enron.com,System Meeting 7/11,21a5233d89fcdd94d18387900684a111d73b071b217ede314e24bb71af3cc0d9,208,1,Direct content match with email_importance.csv seed record
EXCL_00141,allen-p/_sent_mail/225.,allen-p,_sent_mail,"Mon, 10 Jul 2000 09:47:00 -0700 (PDT)",phillip.allen@enron.com,Natural Gas Customers,321ccea171837620d44a6fb284bb3921e7d66f965a9a8f54d1c7927102fa68b5,209,1,Direct content match with email_importance.csv seed record
EXCL_00142,allen-p/_sent_mail/226.,allen-p,_sent_mail,"Mon, 10 Jul 2000 06:56:00 -0700 (PDT)",phillip.allen@enron.com,Re: EXECUTIVE IMPACT COURSE,c719b1517d4e3fb1b337bd41aae40796612d82a899ed31cca8d24faaeb1d69b8,210,1,Direct content match with email_importance.csv seed record
EXCL_00143,allen-p/_sent_mail/227.,allen-p,_sent_mail,"Mon, 10 Jul 2000 06:54:00 -0700 (PDT)",phillip.allen@enron.com,Re: Katy flatlands,40d68518e2653d149f4bd7f2975896df23d4bfb3182b2c5d415c5f33866f99bc,211,1,Direct content match with email_importance.csv seed record
EXCL_00144,allen-p/_sent_mail/228.,allen-p,_sent_mail,"Fri, 7 Jul 2000 09:41:00 -0700 (PDT)",phillip.allen@enron.com,,5f0a1a8640e3329bce742a6c70d0cf560e77d1765689d9c4fbca6515f69fdad7,212,1,Direct content match with email_importance.csv seed record
EXCL_00145,allen-p/_sent_mail/229.,allen-p,_sent_mail,"Fri, 7 Jul 2000 09:39:00 -0700 (PDT)",phillip.allen@enron.com,Re: Brenda Stones telephone numbers,3060a367801c31bc87f534b917076d7036633078da76cd79c75e9a047fff05f9,213,1,Direct content match with email_importance.csv seed record
EXCL_00146,allen-p/_sent_mail/23.,allen-p,_sent_mail,"Thu, 26 Apr 2001 16:27:00 -0700 (PDT)",phillip.allen@enron.com,Re:,81539c9166f138973bce10ee9acf71da6e6d6257e5427fa3a0d3ffeb89492b85,214,1,Direct content match with email_importance.csv seed record
EXCL_00147,allen-p/_sent_mail/230.,allen-p,_sent_mail,"Fri, 7 Jul 2000 06:56:00 -0700 (PDT)",phillip.allen@enron.com,Re: market intelligence,7c8f6936f0355c677cf91135a3cf16dacee4be5d17279be863236624dbb44e58,215,0,Direct content match with email_importance.csv seed record
EXCL_00148,allen-p/_sent_mail/231.,allen-p,_sent_mail,"Fri, 7 Jul 2000 06:41:00 -0700 (PDT)",phillip.allen@enron.com,Re: Memory,a14cd1e0b78198b3353b4e7446991c3ded600a31a3384b4b7a9839cfc474a617,216,1,Direct content match with email_importance.csv seed record
EXCL_00149,allen-p/_sent_mail/232.,allen-p,_sent_mail,"Thu, 6 Jul 2000 09:38:00 -0700 (PDT)",phillip.allen@enron.com,Re: Thoughts on Presentation,18b10ace5c5905644474f02e7b8af1c3a9500c4fb5fd8cc07234fe60c50fd26c,217,1,Direct content match with email_importance.csv seed record
EXCL_00150,allen-p/_sent_mail/233.,allen-p,_sent_mail,"Thu, 6 Jul 2000 08:45:00 -0700 (PDT)",phillip.allen@enron.com,Executive Impact and Influence Course,80c8ec3487e2ad81c6aa5e9778bbbb54218ee575cac9b8968a564ee4e318b39f,218,1,Direct content match with email_importance.csv seed record
EXCL_00151,allen-p/_sent_mail/234.,allen-p,_sent_mail,"Fri, 30 Jun 2000 07:31:00 -0700 (PDT)",phillip.allen@enron.com,Re: Notices,bbf56b26d348ff1f5166471d21adb28136c82fa66bd1dc7fab65fa5398a7b5f7,219,1,Direct content match with email_importance.csv seed record
EXCL_00152,allen-p/_sent_mail/235.,allen-p,_sent_mail,"Fri, 30 Jun 2000 05:54:00 -0700 (PDT)",phillip.allen@enron.com,(Reminder) Update GIS Information,de304f91e3d8a508c1e2daec863f9c93627121b2753a58d977592d1a5c489f3c,220,1,Direct content match with email_importance.csv seed record
EXCL_00153,allen-p/_sent_mail/236.,allen-p,_sent_mail,"Tue, 27 Jun 2000 09:40:00 -0700 (PDT)",phillip.allen@enron.com,West Power Strategy Materials,438fd2a210868b6470b9c2520a23e0b8f0e8ad901cae8ac6ea473cd449aeae5d,221,1,Direct content match with email_importance.csv seed record
EXCL_00154,allen-p/_sent_mail/237.,allen-p,_sent_mail,"Tue, 27 Jun 2000 05:33:00 -0700 (PDT)",phillip.allen@enron.com,gas storage model,899ce6142a29eb61a25e1389c665f62f7e3fdbb4c0e311eaf53ebbb1a202529b,222,1,Direct content match with email_importance.csv seed record
EXCL_00155,allen-p/_sent_mail/238.,allen-p,_sent_mail,"Mon, 26 Jun 2000 07:54:00 -0700 (PDT)",phillip.allen@enron.com,Re:,964fc79871d53f9e30b3a934f2c359562f5dca493d88d90042e6c5be02d1f11e,223,1,Direct content match with email_importance.csv seed record
EXCL_00156,allen-p/_sent_mail/239.,allen-p,_sent_mail,"Mon, 26 Jun 2000 07:13:00 -0700 (PDT)",phillip.allen@enron.com,Re:,4b43ae95c11f8f36fb9fa96ef1a2c5ebc1e087e0ad85e84b46a7d68ae0f65ec3,224,0,Direct content match with email_importance.csv seed record
EXCL_00157,allen-p/_sent_mail/240.,allen-p,_sent_mail,"Mon, 26 Jun 2000 06:57:00 -0700 (PDT)",phillip.allen@enron.com,Download Frogger before it hops away!,5bd7354d272f032d27cb1920a187b35ddccf7b144c7f371a7bb286165017ece9,226,0,Direct content match with email_importance.csv seed record
EXCL_00158,allen-p/_sent_mail/241.,allen-p,_sent_mail,"Fri, 23 Jun 2000 04:46:00 -0700 (PDT)",phillip.allen@enron.com,FT-Denver book on EOL,5dbba6213ff11d7b5f9dbb1a5438cf2373c0e2ff3874c7c9e893d28fe2f7570b,227,1,Direct content match with email_importance.csv seed record
EXCL_00159,allen-p/_sent_mail/242.,allen-p,_sent_mail,"Thu, 22 Jun 2000 00:26:00 -0700 (PDT)",phillip.allen@enron.com,Re: The New Power Company,1ea58d3d40e049decb9bd024cf9505c1c4fa7ed620ededd726b1d1f397d13578,228,1,Direct content match with email_importance.csv seed record
EXCL_00160,allen-p/_sent_mail/243.,allen-p,_sent_mail,"Tue, 13 Jun 2000 07:24:00 -0700 (PDT)",phillip.allen@enron.com,Re: Wade,29df7e4ff291e8f189c9419197550583286e0950a81661d7a576c463003d4951,229,1,Direct content match with email_importance.csv seed record
EXCL_00161,allen-p/_sent_mail/244.,allen-p,_sent_mail,"Tue, 13 Jun 2000 03:32:00 -0700 (PDT)",phillip.allen@enron.com,,5ac7df9d883e3a08db60674ced62e89e015d708fcdd4f21c16e54c72f46cfcca,230,0,Direct content match with email_importance.csv seed record
EXCL_00162,allen-p/_sent_mail/245.,allen-p,_sent_mail,"Mon, 12 Jun 2000 03:56:00 -0700 (PDT)",phillip.allen@enron.com,Thoughts on Presentation,b6a9127109eef7e7e8833839eb47c3716ac50b515765c6dfd551565d2d71f90c,231,1,Direct content match with email_importance.csv seed record
EXCL_00163,allen-p/_sent_mail/246.,allen-p,_sent_mail,"Thu, 8 Jun 2000 10:17:00 -0700 (PDT)",phillip.allen@enron.com,,2ed16091244f6e0a404c83424b20a7500b69c293bec462f3dcfb425808574abb,232,1,Direct content match with email_importance.csv seed record
EXCL_00164,allen-p/_sent_mail/247.,allen-p,_sent_mail,"Tue, 6 Jun 2000 05:27:00 -0700 (PDT)",phillip.allen@enron.com,,86ff8a3ef633a3f95032e203ae0df3349ceba4f4701ace51e9f38f3753e4d07a,233,1,Direct content match with email_importance.csv seed record
EXCL_00165,allen-p/_sent_mail/248.,allen-p,_sent_mail,"Tue, 6 Jun 2000 05:27:00 -0700 (PDT)",phillip.allen@enron.com,,9ef31824e9050fb84d9ce069ba04facc9f31a0eb428404f93cc7bec4716eb8cb,234,1,Direct content match with email_importance.csv seed record
EXCL_00166,allen-p/_sent_mail/249.,allen-p,_sent_mail,"Tue, 6 Jun 2000 05:26:00 -0700 (PDT)",phillip.allen@enron.com,,0eb1a7deed7b13b42f2db7441611b6d1cc1996d897389f424282c3d3286649e2,235,1,Direct content match with email_importance.csv seed record
EXCL_00167,allen-p/_sent_mail/250.,allen-p,_sent_mail,"Mon, 5 Jun 2000 04:59:00 -0700 (PDT)",phillip.allen@enron.com,Re: Compaq M700 laptop,18345edc5b9c5dd86fbdc85137bc9363c7758f09388407ed9a9eafe24cedca90,237,1,Direct content match with email_importance.csv seed record
EXCL_00168,allen-p/_sent_mail/251.,allen-p,_sent_mail,"Fri, 2 Jun 2000 08:37:00 -0700 (PDT)",phillip.allen@enron.com,,04042b2d669ddad7102a3b1d41509289f3a054a29438f7e637d31b4e49e6b755,238,1,Direct content match with email_importance.csv seed record
EXCL_00169,allen-p/_sent_mail/252.,allen-p,_sent_mail,"Fri, 2 Jun 2000 03:37:00 -0700 (PDT)",phillip.allen@enron.com,RE: 91 acres,34f61c6847fcd1b8992eaa6cde0e723f57f0801755796722a50ce3e158ba7ed5,239,1,Direct content match with email_importance.csv seed record
EXCL_00170,allen-p/_sent_mail/253.,allen-p,_sent_mail,"Wed, 31 May 2000 10:01:00 -0700 (PDT)",phillip.allen@enron.com,Re: What's happening?,a38e5c61d9776285a24916f4bf61978c4e817918a77332d70dcf225045c5b5e8,240,1,Direct content match with email_importance.csv seed record
EXCL_00171,allen-p/_sent_mail/254.,allen-p,_sent_mail,"Tue, 30 May 2000 06:32:00 -0700 (PDT)",phillip.allen@enron.com,Transport p&l,0d0841ac48638507fdad92afd48c3d6621fe5dd2f29c5eaac93a8cb3921ca579,241,1,Direct content match with email_importance.csv seed record
EXCL_00172,allen-p/_sent_mail/255.,allen-p,_sent_mail,"Fri, 26 May 2000 07:19:00 -0700 (PDT)",phillip.allen@enron.com,Re: balance on truck/loan,91593e63cf76376bed66ec9727a1ab8f9879118736b7021178dc511d7dd62e3a,242,1,Direct content match with email_importance.csv seed record
EXCL_00173,allen-p/_sent_mail/256.,allen-p,_sent_mail,"Fri, 26 May 2000 06:10:00 -0700 (PDT)",phillip.allen@enron.com,,3ed7f760f950699fce76524d8d1367c8bf73cbf40272ac005525859b616d207a,243,1,Direct content match with email_importance.csv seed record
EXCL_00174,allen-p/_sent_mail/257.,allen-p,_sent_mail,"Fri, 26 May 2000 00:08:00 -0700 (PDT)",phillip.allen@enron.com,Re: Todays update,e252223cf2cf023eb768c14577cda38707e781988d3e3c768d94213185e998cc,244,1,Direct content match with email_importance.csv seed record
EXCL_00175,allen-p/_sent_mail/258.,allen-p,_sent_mail,"Wed, 24 May 2000 09:00:00 -0700 (PDT)",phillip.allen@enron.com,,f74f74bfd071fe59000faa013eccfdfa5ea1a7e08153a8b030713d85544e8237,245,1,Direct content match with email_importance.csv seed record
EXCL_00176,allen-p/_sent_mail/259.,allen-p,_sent_mail,"Tue, 23 May 2000 07:32:00 -0700 (PDT)",phillip.allen@enron.com,,bd95d5a697b6895a28b7f0228cc28b9114b36267bc62d3eb2dacf8937b054341,246,1,Direct content match with email_importance.csv seed record
EXCL_00177,allen-p/_sent_mail/26.,allen-p,_sent_mail,"Wed, 25 Apr 2001 16:52:00 -0700 (PDT)",phillip.allen@enron.com,Re: This morning's Commission meeting delayed,f999688ad94ce4970aed362fe0c09bfc88a3e9402c3a850bd4964ac3571cf4a0,247,1,Direct content match with email_importance.csv seed record
EXCL_00178,allen-p/_sent_mail/260.,allen-p,_sent_mail,"Mon, 22 May 2000 04:44:00 -0700 (PDT)",phillip.allen@enron.com,Gas Transportation Market Intelligence,e512320990fb7c67aa4ecd25635ea703d1a009749a7fdf52e0ceecf663d0dd48,248,0,Direct content match with email_importance.csv seed record
EXCL_00179,allen-p/_sent_mail/261.,allen-p,_sent_mail,"Fri, 19 May 2000 03:53:00 -0700 (PDT)",phillip.allen@enron.com,Re: 91 acres,b8e955ce8176aa2461124651ab803b938f578c20bc3301641094e931d4ff330b,249,1,Direct content match with email_importance.csv seed record
EXCL_00180,allen-p/_sent_mail/355.,allen-p,_sent_mail,"Fri, 4 May 2001 01:51:00 -0700 (PDT)",phillip.allen@enron.com,Re:,cd4b2d43f9436fb0652c778ac4a576dff7fab4c4282e213bdce46990d79b072c,65,0,Direct content match with email_importance.csv seed record
EXCL_00181,allen-p/_sent_mail/356.,allen-p,_sent_mail,"Thu, 3 May 2001 23:26:00 -0700 (PDT)",phillip.allen@enron.com,,7b6d130ea2c5bb29b012e06715c941a9dacc92b3b639cc58cf8130aa8df0feb1,81,1,Direct content match with email_importance.csv seed record
EXCL_00182,allen-p/_sent_mail/357.,allen-p,_sent_mail,"Thu, 3 May 2001 03:57:00 -0700 (PDT)",phillip.allen@enron.com,,7aa3db3b710c7afefe190215ae29c090f7f2d5468dd0705af7d09676ff0a6cb5,92,1,Direct content match with email_importance.csv seed record
EXCL_00183,allen-p/_sent_mail/358.,allen-p,_sent_mail,"Wed, 2 May 2001 00:36:00 -0700 (PDT)",phillip.allen@enron.com,,6dfcb9eb32452b63cbe065562cb170f8a9192f8cb66b0879b3cdb3e7cadb7b1d,103,1,Direct content match with email_importance.csv seed record
EXCL_00184,allen-p/_sent_mail/362.,allen-p,_sent_mail,"Mon, 30 Apr 2001 09:04:00 -0700 (PDT)",phillip.allen@enron.com,Re: Request from Steve Kean,d3b0d8799ad3e7b667d1a946d12c792b894ce10e4cb436c987716793dd102c39,147,0,Direct content match with email_importance.csv seed record
EXCL_00185,allen-p/_sent_mail/363.,allen-p,_sent_mail,"Mon, 30 Apr 2001 04:22:00 -0700 (PDT)",phillip.allen@enron.com,Request from Steve Kean,45d9f6766e715a82a169784ec4b34784f627f5ed5b5e7774c298302a1fd0f36b,158,0,Direct content match with email_importance.csv seed record
EXCL_00186,allen-p/_sent_mail/364.,allen-p,_sent_mail,"Mon, 30 Apr 2001 03:37:00 -0700 (PDT)",phillip.allen@enron.com,Request from Steve Kean,f928bcbcc0f624b12ccef3080cca0d26ab7841be32a7dd2cb758daf421ecf96f,169,1,Direct content match with email_importance.csv seed record
EXCL_00187,allen-p/_sent_mail/368.,allen-p,_sent_mail,"Thu, 26 Apr 2001 06:27:00 -0700 (PDT)",phillip.allen@enron.com,Re:,81539c9166f138973bce10ee9acf71da6e6d6257e5427fa3a0d3ffeb89492b85,214,1,Direct content match with email_importance.csv seed record
EXCL_00188,allen-p/all_documents/100.,allen-p,all_documents,"Mon, 9 Oct 2000 07:16:00 -0700 (PDT)",phillip.allen@enron.com,Consolidated positions: Issues & To Do list,579b21affa6690e1ce1724594bbfe0c70d6fe21a800d0521bd53315115955746,76,1,Direct content match with email_importance.csv seed record
EXCL_00189,allen-p/all_documents/101.,allen-p,all_documents,"Mon, 9 Oct 2000 07:00:00 -0700 (PDT)",phillip.allen@enron.com,Consolidated positions: Issues & To Do list,367786ad71ea4ecf50bb64e889f0d895cd1a176db96ac8db96764a366a50703b,77,1,Direct content match with email_importance.csv seed record
EXCL_00190,allen-p/all_documents/102.,allen-p,all_documents,"Thu, 5 Oct 2000 06:26:00 -0700 (PDT)",phillip.allen@enron.com,,f343e11ca6839a425d349f59741f1f1637aaa847f10c24dd1417cad93241ff7d,78,1,Direct content match with email_importance.csv seed record
EXCL_00191,allen-p/all_documents/103.,allen-p,all_documents,"Thu, 5 Oct 2000 05:55:00 -0700 (PDT)",phillip.allen@enron.com,Re: 2001 Margin Plan,6c967cb8cec296e817842c0ec3dd1dfd76664de6e06882fdf90be545977cd862,79,1,Direct content match with email_importance.csv seed record
EXCL_00192,allen-p/all_documents/104.,allen-p,all_documents,"Wed, 4 Oct 2000 09:23:00 -0700 (PDT)",phillip.allen@enron.com,"Var, Reporting and Resources Meeting",0bd445a31b1b0d7f3fe02f78abe97198c16694679a906492156741315ab3c979,80,1,Direct content match with email_importance.csv seed record
EXCL_00193,allen-p/all_documents/105.,allen-p,all_documents,"Tue, 3 Oct 2000 09:30:00 -0700 (PDT)",phillip.allen@enron.com,Westgate,f21ceae4628889c386d4d4a0f8cd9f54421c7d02dba7eb37495cf0b034a2053c,82,1,Direct content match with email_importance.csv seed record
EXCL_00194,allen-p/all_documents/106.,allen-p,all_documents,"Tue, 3 Oct 2000 09:15:00 -0700 (PDT)",phillip.allen@enron.com,Meeting re: Storage Strategies in the West,e03702e810fca141b3496311b586e47b8bb2b34063ca92101648b61bad4bdb22,83,1,Direct content match with email_importance.csv seed record
EXCL_00195,allen-p/all_documents/107.,allen-p,all_documents,"Tue, 3 Oct 2000 09:13:00 -0700 (PDT)",phillip.allen@enron.com,,93bcc68a30013cbe94e8f71b0bc02bf6894b1dfb6fa86d72b354991c4b40e746,84,1,Direct content match with email_importance.csv seed record
EXCL_00196,allen-p/all_documents/108.,allen-p,all_documents,"Tue, 3 Oct 2000 03:17:00 -0700 (PDT)",phillip.allen@enron.com,Re: Not business related..,581b4352780f82dc530c3fcd1a5974589c934cfeddfc4d76f9d9cacdbef7dd81,85,0,Direct content match with email_importance.csv seed record
EXCL_00197,allen-p/all_documents/109.,allen-p,all_documents,"Mon, 2 Oct 2000 02:19:00 -0700 (PDT)",phillip.allen@enron.com,Re: Original Sept check/closing,a5a3f87df5911a67daf1d2a6795c47d5f09e227d5a59c366c9881de782656ff2,86,1,Direct content match with email_importance.csv seed record
EXCL_00198,allen-p/all_documents/110.,allen-p,all_documents,"Thu, 28 Sep 2000 06:17:00 -0700 (PDT)",phillip.allen@enron.com,San Juan Index,e9a42b2b9c399883118bc2276add1f651f91e43d7c7e6ee8384078e5a9ece4e0,87,0,Direct content match with email_importance.csv seed record
EXCL_00199,allen-p/all_documents/111.,allen-p,all_documents,"Thu, 28 Sep 2000 05:56:00 -0700 (PDT)",phillip.allen@enron.com,San Juan Index,273e4a17367a8bdb45458ef14b87ecd655c6a9dc93fb0e19f53474f069871730,88,1,Direct content match with email_importance.csv seed record
EXCL_00200,allen-p/all_documents/112.,allen-p,all_documents,"Tue, 26 Sep 2000 09:28:00 -0700 (PDT)",phillip.allen@enron.com,Investment Structure,a3be831c42ba183853ad401251f026b2ca33e7c1445a972ba2995d45221fe233,89,1,Direct content match with email_importance.csv seed record
EXCL_00201,allen-p/all_documents/113.,allen-p,all_documents,"Tue, 26 Sep 2000 09:26:00 -0700 (PDT)",phillip.allen@enron.com,Investment Structure,33495f436175b97c6fa7b46cbc40712ab62539878b1c2c0ae28868ac67d968b1,90,1,Direct content match with email_importance.csv seed record
EXCL_00202,allen-p/all_documents/114.,allen-p,all_documents,"Tue, 26 Sep 2000 07:01:00 -0700 (PDT)",phillip.allen@enron.com,,37160cbea6beef2338206008736b9839aed8b96c66c576f25948b81591339a8a,91,1,Direct content match with email_importance.csv seed record
EXCL_00203,allen-p/all_documents/115.,allen-p,all_documents,"Tue, 26 Sep 2000 05:11:00 -0700 (PDT)",phillip.allen@enron.com,Re: Gas Trading Vision meeting,91645c7616d4f7446fb419dafd1e27b789578c592553de899377639f33b9b76e,93,1,Direct content match with email_importance.csv seed record
EXCL_00204,allen-p/all_documents/116.,allen-p,all_documents,"Tue, 26 Sep 2000 05:08:00 -0700 (PDT)",phillip.allen@enron.com,,2bb3c9c3fa0ba19a160f3153a6942822bbf9485ad6fe52e721104054baabffe2,94,1,Direct content match with email_importance.csv seed record
EXCL_00205,allen-p/all_documents/117.,allen-p,all_documents,"Tue, 26 Sep 2000 05:07:00 -0700 (PDT)",phillip.allen@enron.com,Gas Physical/Financial Position,f0c634c616d9af994dd417611db06a9c48ab10921bc3e75823ee253564677346,95,1,Direct content match with email_importance.csv seed record
EXCL_00206,allen-p/all_documents/118.,allen-p,all_documents,"Tue, 26 Sep 2000 04:57:00 -0700 (PDT)",phillip.allen@enron.com,closing,0406f81a441ecdd03edfd3111a440dfce8f43744e62a17da231a9d2295997b1d,96,1,Direct content match with email_importance.csv seed record
EXCL_00207,allen-p/all_documents/119.,allen-p,all_documents,"Mon, 25 Sep 2000 07:04:00 -0700 (PDT)",phillip.allen@enron.com,,e0e87bcb2be6df77476b0ec0adde2a9405148240aba624c7aa71b36435fba6ef,97,1,Direct content match with email_importance.csv seed record
EXCL_00208,allen-p/all_documents/120.,allen-p,all_documents,"Mon, 25 Sep 2000 07:01:00 -0700 (PDT)",phillip.allen@enron.com,,acc1d025737f763d33b7db92b4376bc49be58e5e7f96b174b4b59d2d82ffbd45,98,1,Direct content match with email_importance.csv seed record
EXCL_00209,allen-p/all_documents/121.,allen-p,all_documents,"Mon, 25 Sep 2000 07:01:00 -0700 (PDT)",phillip.allen@enron.com,,9180a62de2dd60138ebcd7e621315847c20d4d225042776d77b0bfe25b1a2c32,99,1,Direct content match with email_importance.csv seed record
EXCL_00210,allen-p/all_documents/122.,allen-p,all_documents,"Mon, 25 Sep 2000 05:47:00 -0700 (PDT)",phillip.allen@enron.com,,014cfcee8866fbaa43ea6ed21a923b33d645c06636764167fb3a6b81f8630d53,100,1,Direct content match with email_importance.csv seed record
EXCL_00211,allen-p/all_documents/123.,allen-p,all_documents,"Fri, 22 Sep 2000 00:06:00 -0700 (PDT)",phillip.allen@enron.com,,8707b2974c9b0c13fefd767abe44cc72bc64df4181f8acbf417f60802637fc5a,101,1,Direct content match with email_importance.csv seed record
EXCL_00212,allen-p/all_documents/124.,allen-p,all_documents,"Wed, 20 Sep 2000 08:06:00 -0700 (PDT)",phillip.allen@enron.com,,e09950eb6fb429d48e78d1a6601aa6a3680dfdbc04c74c4eadcba6cf3f04b218,102,1,Direct content match with email_importance.csv seed record
EXCL_00213,allen-p/all_documents/125.,allen-p,all_documents,"Wed, 20 Sep 2000 06:34:00 -0700 (PDT)",phillip.allen@enron.com,,426da3654df99c4827c1d815b927e1581b3430e3c91c55adce1112dab8f122a9,104,1,Direct content match with email_importance.csv seed record
EXCL_00214,allen-p/all_documents/126.,allen-p,all_documents,"Tue, 19 Sep 2000 09:35:00 -0700 (PDT)",phillip.allen@enron.com,Westgate Proforma-Phillip Allen.xls,6e9c0faef00c182d182234aa6c55da115533bdfa7ecf59dbb1fedbb3fffaeffb,105,1,Direct content match with email_importance.csv seed record
EXCL_00215,allen-p/all_documents/127.,allen-p,all_documents,"Tue, 19 Sep 2000 07:26:00 -0700 (PDT)",phillip.allen@enron.com,,3063a215da262b64f4f6fdb72d768b315ed0675135275082031d902b29b5b4ba,106,1,Direct content match with email_importance.csv seed record
EXCL_00216,allen-p/all_documents/128.,allen-p,all_documents,"Tue, 19 Sep 2000 03:15:00 -0700 (PDT)",phillip.allen@enron.com,,88d1e1640216cce2f6e0136df50e58a447aeb0aa775d8904a2009be8590792ac,107,0,Direct content match with email_importance.csv seed record
EXCL_00217,allen-p/all_documents/129.,allen-p,all_documents,"Mon, 18 Sep 2000 02:34:00 -0700 (PDT)",phillip.allen@enron.com,Re: burnet,4e7e5efc933b68ae2b775552494109e64867d1b1b85dff3b57217d0232067921,108,1,Direct content match with email_importance.csv seed record
EXCL_00218,allen-p/all_documents/130.,allen-p,all_documents,"Wed, 13 Sep 2000 06:02:00 -0700 (PDT)",phillip.allen@enron.com,,2f526c23a75134c025d3746c3d5fb88ac5fdb004e98eb3d5c4e426c5642d9688,109,1,Direct content match with email_importance.csv seed record
EXCL_00219,allen-p/all_documents/131.,allen-p,all_documents,"Tue, 12 Sep 2000 06:42:00 -0700 (PDT)",phillip.allen@enron.com,Re: Sept 1 Payment,89a85fbb03bdbe51c49e82ddf0cdc67eba62ddcc8d8a62886a638743d384915c,110,1,Direct content match with email_importance.csv seed record
EXCL_00220,allen-p/all_documents/132.,allen-p,all_documents,"Tue, 12 Sep 2000 06:06:00 -0700 (PDT)",phillip.allen@enron.com,,0fee29e020394ced617cc5c1b5b327a850e1c1ea2ed54b981890fa47a856222d,111,1,Direct content match with email_importance.csv seed record
EXCL_00221,allen-p/all_documents/133.,allen-p,all_documents,"Tue, 12 Sep 2000 04:23:00 -0700 (PDT)",phillip.allen@enron.com,Contact list for mid market,8e46bf8875f8a0f29e924a8c84719cf364c46749be2ade20363a738955608172,112,1,Direct content match with email_importance.csv seed record
EXCL_00222,allen-p/all_documents/134.,allen-p,all_documents,"Tue, 12 Sep 2000 00:27:00 -0700 (PDT)",phillip.allen@enron.com,,78e562b71a5f9828e5549d5ccfccd4843b371f78d1b2fe72c6abca2ae0a45306,113,0,Direct content match with email_importance.csv seed record
EXCL_00223,allen-p/all_documents/135.,allen-p,all_documents,"Mon, 11 Sep 2000 09:57:00 -0700 (PDT)",phillip.allen@enron.com,Westgate Proforma-Phillip Allen.xls,6960581001f40825fe42d45770b0af0b3fc3939610a07106f142f220d3fd893b,115,1,Direct content match with email_importance.csv seed record
EXCL_00224,allen-p/all_documents/136.,allen-p,all_documents,"Mon, 11 Sep 2000 09:30:00 -0700 (PDT)",phillip.allen@enron.com,Re: Chelsea Villas,7248954830e88f6666db95bf94a73ab61c0bebc1beb2b2a615b592ee280eaddb,116,1,Direct content match with email_importance.csv seed record
EXCL_00225,allen-p/all_documents/137.,allen-p,all_documents,"Mon, 11 Sep 2000 08:07:00 -0700 (PDT)",phillip.allen@enron.com,,317f350696a5dd5f0a03d91b7300f5a59b00f7fd2902a2ca27ebf64327aa1390,117,1,Direct content match with email_importance.csv seed record
EXCL_00226,allen-p/all_documents/138.,allen-p,all_documents,"Mon, 11 Sep 2000 07:16:00 -0700 (PDT)",phillip.allen@enron.com,Re: VaR by Curve,2cdf2100868a735c927234f831776f8fa9b0f1bcff61ff402424871ebe58ed30,118,0,Direct content match with email_importance.csv seed record
EXCL_00227,allen-p/all_documents/139.,allen-p,all_documents,"Mon, 11 Sep 2000 02:19:00 -0700 (PDT)",phillip.allen@enron.com,Re: Sagewood etc.,6185ad7b1547935385d725eb97929c67c758009161b3c6dd643b09a706592258,119,1,Direct content match with email_importance.csv seed record
EXCL_00228,allen-p/all_documents/140.,allen-p,all_documents,"Fri, 8 Sep 2000 05:30:00 -0700 (PDT)",phillip.allen@enron.com,Sagewood Town Homes,8ac5ca63914da730eee88a40da16de8dadbd6919f1f73b938cc3d3b238fa882b,120,1,Direct content match with email_importance.csv seed record
EXCL_00229,allen-p/all_documents/141.,allen-p,all_documents,"Fri, 8 Sep 2000 05:29:00 -0700 (PDT)",phillip.allen@enron.com,Westgate Proforma-Phillip Allen.xls,e07797d6de16ff2e097fdeb73ce368a1f2f2fa61332f05d8a2a7da485ebcc934,121,1,Direct content match with email_importance.csv seed record
EXCL_00230,allen-p/all_documents/142.,allen-p,all_documents,"Wed, 6 Sep 2000 08:54:00 -0700 (PDT)",phillip.allen@enron.com,utilities roll,8161c863780f41637bcbd6421e4d59dcbc1539d954b78bb35c4532f6a16ab977,122,0,Direct content match with email_importance.csv seed record
EXCL_00231,allen-p/all_documents/143.,allen-p,all_documents,"Wed, 6 Sep 2000 07:02:00 -0700 (PDT)",phillip.allen@enron.com,TIME SENSITIVE: Executive Impact & Influence Program Survey,fe2583bd9d13724fce8ed427b6891c3438862c8d86e80fc940aa4b7a22b57ac3,123,1,Direct content match with email_importance.csv seed record
EXCL_00232,allen-p/all_documents/144.,allen-p,all_documents,"Wed, 6 Sep 2000 07:00:00 -0700 (PDT)",phillip.allen@enron.com,,021fe5309bd6c5de1a8daf06975d7d681311d2dc636cc51e0ffb45609e6a6d0b,124,1,Direct content match with email_importance.csv seed record
EXCL_00233,allen-p/all_documents/145.,allen-p,all_documents,"Wed, 6 Sep 2000 06:04:00 -0700 (PDT)",phillip.allen@enron.com,,c954504ad1b363abf3ed57a9d56fd30a8d91df660f27722c91e23deffa30e261,126,1,Direct content match with email_importance.csv seed record
EXCL_00234,allen-p/all_documents/146.,allen-p,all_documents,"Wed, 6 Sep 2000 04:46:00 -0700 (PDT)",phillip.allen@enron.com,Wow,6f923dd704d6721df5b0979b50350608237fa6de79b3848ee38c67a822b710c7,127,0,Direct content match with email_importance.csv seed record
EXCL_00235,allen-p/all_documents/147.,allen-p,all_documents,"Wed, 6 Sep 2000 03:46:00 -0700 (PDT)",phillip.allen@enron.com,Re:,7b3ef69413e82b4d011a6e7d8e60fe3b1bb136138f1847ea5eb91fb6c626543e,128,1,Direct content match with email_importance.csv seed record
EXCL_00236,allen-p/all_documents/148.,allen-p,all_documents,"Tue, 5 Sep 2000 23:22:00 -0700 (PDT)",phillip.allen@enron.com,Re:,da7feb7280e2025c4f1d3b73295f29e31f1f4114570c2d7ec62cc009d43819d5,129,0,Direct content match with email_importance.csv seed record
EXCL_00237,allen-p/all_documents/150.,allen-p,all_documents,"Tue, 5 Sep 2000 06:30:00 -0700 (PDT)",phillip.allen@enron.com,,d2473eea43973973e10a561219a121cdb1e81628e7a7a9aff73176b908fe8b9a,131,1,Direct content match with email_importance.csv seed record
EXCL_00238,allen-p/all_documents/151.,allen-p,all_documents,"Fri, 1 Sep 2000 06:08:00 -0700 (PDT)",phillip.allen@enron.com,FYI,2faaa76f2e5173c0b6c3c3146c80d5428408ef83b8deb98d1b062f59d16c58d6,132,0,Direct content match with email_importance.csv seed record
EXCL_00239,allen-p/all_documents/152.,allen-p,all_documents,"Thu, 31 Aug 2000 07:36:00 -0700 (PDT)",phillip.allen@enron.com,Re: Western Gas Market Report -- Draft,c1c7a3e19a6dbdb68b62ffd29b990ca2fd48ed05d6a233c667f140df9beb97cc,133,0,Direct content match with email_importance.csv seed record
EXCL_00240,allen-p/all_documents/153.,allen-p,all_documents,"Thu, 31 Aug 2000 06:54:00 -0700 (PDT)",phillip.allen@enron.com,,d036fb9e7c80dac161718c64c46f92d03e1e4dfef87ef07c62dc04c6746e6773,134,1,Direct content match with email_importance.csv seed record
EXCL_00241,allen-p/all_documents/155.,allen-p,all_documents,"Thu, 31 Aug 2000 05:02:00 -0700 (PDT)",phillip.allen@enron.com,,1726828f894839354fc2be4573165e8660ec087b3975acfb33b9b649244bc84c,137,0,Direct content match with email_importance.csv seed record
EXCL_00242,allen-p/all_documents/156.,allen-p,all_documents,"Thu, 31 Aug 2000 03:17:00 -0700 (PDT)",phillip.allen@enron.com,,5d26cd8211ead30e04432dfbb9a011e2247ec2e8c44a88e43d0726714f60fa64,138,0,Direct content match with email_importance.csv seed record
EXCL_00243,allen-p/all_documents/158.,allen-p,all_documents,"Wed, 30 Aug 2000 08:14:00 -0700 (PDT)",phillip.allen@enron.com,Re: (No Subject),b76c8c378e5d148af3da1a3da4b61abae721f404ceba12f5ac5a6759afa041a0,139,0,Direct content match with email_importance.csv seed record
EXCL_00244,allen-p/all_documents/159.,allen-p,all_documents,"Wed, 30 Aug 2000 06:20:00 -0700 (PDT)",phillip.allen@enron.com,Re: Security Request: CLOG-4NNJEZ has been Denied.,441f829bd8a7b7a7ade571c142cff90a2fcdc265f87f99c0116e72da032af2d9,140,1,Direct content match with email_importance.csv seed record
EXCL_00245,allen-p/all_documents/160.,allen-p,all_documents,"Tue, 29 Aug 2000 09:20:00 -0700 (PDT)",phillip.allen@enron.com,,4f7c01d395d01fb52334a350b9ed32bb3467df2f97958601f19535cb99b97e74,141,0,Direct content match with email_importance.csv seed record
EXCL_00246,allen-p/all_documents/161.,allen-p,all_documents,"Tue, 29 Aug 2000 05:38:00 -0700 (PDT)",phillip.allen@enron.com,,b9e05eb5d4761fb5c14e5e3b58eae8e86b3bc14663bd50cf725cc9d565a918b9,142,1,Direct content match with email_importance.csv seed record
EXCL_00247,allen-p/all_documents/162.,allen-p,all_documents,"Mon, 28 Aug 2000 09:30:00 -0700 (PDT)",phillip.allen@enron.com,,f1d6565cee4872d40746f3ce4a5192cb8cc2f4c24c725f87871e2e6430f91a93,143,0,Direct content match with email_importance.csv seed record
EXCL_00248,allen-p/all_documents/163.,allen-p,all_documents,"Mon, 28 Aug 2000 06:40:00 -0700 (PDT)",phillip.allen@enron.com,New Generation,c1d3c40e8c800990c657e3c6bc7cff1cc059113e7062256e6571c8405f8af460,144,0,Direct content match with email_importance.csv seed record
EXCL_00249,allen-p/all_documents/164.,allen-p,all_documents,"Mon, 28 Aug 2000 06:12:00 -0700 (PDT)",phillip.allen@enron.com,,d89ae9411075cf1ec18f7a58466c19c4cfba80101f715327bb5493b3b6a0d11b,145,1,Direct content match with email_importance.csv seed record
EXCL_00250,allen-p/all_documents/165.,allen-p,all_documents,"Mon, 28 Aug 2000 06:07:00 -0700 (PDT)",phillip.allen@enron.com,,04df8bccd629380a9ea863cd3617c731cd994a00ba034add2e6cee3a8b5b0233,146,1,Direct content match with email_importance.csv seed record
EXCL_00251,allen-p/all_documents/166.,allen-p,all_documents,"Fri, 25 Aug 2000 06:32:00 -0700 (PDT)",phillip.allen@enron.com,Re: Meeting to discuss 2001 direct expense plan?,f5e1c3cc6949ed3b95ff3f7e190407b72deb4845cebbcaaf596970ece541c700,148,1,Direct content match with email_importance.csv seed record
EXCL_00252,allen-p/all_documents/167.,allen-p,all_documents,"Fri, 25 Aug 2000 04:03:00 -0700 (PDT)",phillip.allen@enron.com,Re: regulatory filing summary,f65fa89ca5a38677927db789630e890e050b9ddf1de7b4d75619b1fcdaec2e6e,149,1,Direct content match with email_importance.csv seed record
EXCL_00253,allen-p/all_documents/169.,allen-p,all_documents,"Fri, 25 Aug 2000 01:58:00 -0700 (PDT)",phillip.allen@enron.com,Re: Evaluation for new trading application,364b32085bea887bf40e16e9ca27991ff12606762e96b16ceb20a6996e846796,151,1,Direct content match with email_importance.csv seed record
EXCL_00254,allen-p/all_documents/170.,allen-p,all_documents,"Fri, 25 Aug 2000 01:47:00 -0700 (PDT)",phillip.allen@enron.com,,a3969e4ab6b8ffd721cb73a276b78398cfc1b4f12f8b07fd63d94ab9da16bddb,152,0,Direct content match with email_importance.csv seed record
EXCL_00255,allen-p/all_documents/171.,allen-p,all_documents,"Thu, 24 Aug 2000 02:48:00 -0700 (PDT)",phillip.allen@enron.com,Re: receipts,50e7791bccfe0834e59dab8928c010ba9bb2dd52deb582ddf2b958cb5cbf0622,153,0,Direct content match with email_importance.csv seed record
EXCL_00256,allen-p/all_documents/172.,allen-p,all_documents,"Wed, 23 Aug 2000 08:23:00 -0700 (PDT)",phillip.allen@enron.com,Re: ENA Fileplan Project - Needs your approval,69d0f132f8c374f801f6fb5be5a003d83985b6f219f7273565b307adfd8e94ab,154,1,Direct content match with email_importance.csv seed record
EXCL_00257,allen-p/all_documents/173.,allen-p,all_documents,"Wed, 23 Aug 2000 07:09:00 -0700 (PDT)",phillip.allen@enron.com,Re: checkbook and budget,01c7f6ef8675a5eb7266436cb620d085724a75af5068086759e3c3d8832f3b22,155,1,Direct content match with email_importance.csv seed record
EXCL_00258,allen-p/all_documents/174.,allen-p,all_documents,"Wed, 23 Aug 2000 04:25:00 -0700 (PDT)",phillip.allen@enron.com,,bc7c3ed79f6274e1bd6943457bb9d0364630915776295f48ee2744a72826d78c,156,1,Direct content match with email_importance.csv seed record
EXCL_00259,allen-p/all_documents/175.,allen-p,all_documents,"Tue, 22 Aug 2000 08:22:00 -0700 (PDT)",phillip.allen@enron.com,,eae8832bd997c70319896b96e0540e298c0e77964a1e89672e4c012301b695d2,157,1,Direct content match with email_importance.csv seed record
EXCL_00260,allen-p/all_documents/176.,allen-p,all_documents,"Mon, 21 Aug 2000 09:40:00 -0700 (PDT)",phillip.allen@enron.com,,5c6f5e0f2535562fe826ff0d3b8e36725f21c014a60f8b2067e0c14a9535e06a,159,0,Direct content match with email_importance.csv seed record
EXCL_00261,allen-p/all_documents/177.,allen-p,all_documents,"Sun, 20 Aug 2000 10:39:00 -0700 (PDT)",phillip.allen@enron.com,Daily Duties,e8359185e9e68b36ffc3bc06b2436ebf6342a954bc173a4dc1bb4085ca9eee51,160,0,Direct content match with email_importance.csv seed record
EXCL_00262,allen-p/all_documents/178.,allen-p,all_documents,"Sun, 20 Aug 2000 10:39:00 -0700 (PDT)",phillip.allen@enron.com,Daily Report,a1c08a55c271e146419b0d67be7c7a510b447006d66cca1a2472b2436029e658,161,0,Direct content match with email_importance.csv seed record
EXCL_00263,allen-p/all_documents/179.,allen-p,all_documents,"Sun, 20 Aug 2000 10:38:00 -0700 (PDT)",phillip.allen@enron.com,Daily Report,c6f4452c847b90a861fb1f11e435b509b369cca9821b577a87999402b9f11c96,162,0,Direct content match with email_importance.csv seed record
EXCL_00264,allen-p/all_documents/180.,allen-p,all_documents,"Thu, 17 Aug 2000 08:53:00 -0700 (PDT)",phillip.allen@enron.com,Re: enron close to 85,7615fdab5751e8618eaed1d947e530b5122886942290399c291254dfe875017b,163,1,Direct content match with email_importance.csv seed record
EXCL_00265,allen-p/all_documents/181.,allen-p,all_documents,"Wed, 16 Aug 2000 05:35:00 -0700 (PDT)",phillip.allen@enron.com,Re:,4a5a8ebcca8ac11095e6455282174469a4f5806e3c94439f4acd5468d5c47b3c,164,0,Direct content match with email_importance.csv seed record
EXCL_00266,allen-p/all_documents/182.,allen-p,all_documents,"Wed, 16 Aug 2000 03:59:00 -0700 (PDT)",phillip.allen@enron.com,ENA Management Committee,d610118307993a4ef89c3fbbccbe9c1db03ae98f9b22b0c3bfe71a3be9a3696b,165,1,Direct content match with email_importance.csv seed record
EXCL_00267,allen-p/all_documents/183.,allen-p,all_documents,"Wed, 16 Aug 2000 03:57:00 -0700 (PDT)",phillip.allen@enron.com,Re:,0a4942db1cefe93729e34cd8a34ad21eab6886d52d173ad8ef0d62dfa281184d,166,0,Direct content match with email_importance.csv seed record
EXCL_00268,allen-p/all_documents/184.,allen-p,all_documents,"Tue, 15 Aug 2000 05:37:00 -0700 (PDT)",phillip.allen@enron.com,,85e1370345177d2b3ecdf96108ad7af6c90d45a0cb292406de4fbc1d8fb31c49,167,1,Direct content match with email_importance.csv seed record
EXCL_00269,allen-p/all_documents/185.,allen-p,all_documents,"Thu, 10 Aug 2000 15:02:00 -0700 (PDT)",phillip.allen@enron.com,Re: Your approval is requested,7afb950ef70f351df40d8a40c973baae899f114a6d921090fcb1aa08e259c1b8,168,1,Direct content match with email_importance.csv seed record
EXCL_00270,allen-p/all_documents/186.,allen-p,all_documents,"Thu, 10 Aug 2000 05:36:00 -0700 (PDT)",phillip.allen@enron.com,tv on 33,29f3d3ad7b59f40804f4ea32d8cd1f47e141719627e5936f200750959924a9bd,170,0,Direct content match with email_importance.csv seed record
EXCL_00271,allen-p/all_documents/187.,allen-p,all_documents,"Thu, 10 Aug 2000 01:52:00 -0700 (PDT)",phillip.allen@enron.com,Re: Ad Hoc VaR model,09fcf503232417ae5a92b08e13e7684b533209362ce6ea5116785e6d4afc16da,171,0,Direct content match with email_importance.csv seed record
EXCL_00272,allen-p/all_documents/189.,allen-p,all_documents,"Wed, 9 Aug 2000 07:12:00 -0700 (PDT)",phillip.allen@enron.com,TRANSPORTATION MODEL,33cc8e95001726ff07907dc535bdd557ecffb8686164548880081d4918ac9ad5,172,1,Direct content match with email_importance.csv seed record
EXCL_00273,allen-p/all_documents/190.,allen-p,all_documents,"Wed, 9 Aug 2000 07:11:00 -0700 (PDT)",phillip.allen@enron.com,Re: TRANSPORTATION MODEL,a44f5b6092ec6d02648cfa13cc181d7ddc2cd1417378cc7dddf9f1719bc78331,173,0,Direct content match with email_importance.csv seed record
EXCL_00274,allen-p/all_documents/191.,allen-p,all_documents,"Wed, 9 Aug 2000 06:28:00 -0700 (PDT)",phillip.allen@enron.com,,6064218f4ace33746d07b5a103eb2a9321cfa8bacacf2cf3fbf3ef704bdde1e3,174,1,Direct content match with email_importance.csv seed record
EXCL_00275,allen-p/all_documents/192.,allen-p,all_documents,"Tue, 8 Aug 2000 09:31:00 -0700 (PDT)",phillip.allen@enron.com,Your Approval is Overdue: Access Request for paul.t.lucci@enron.com,d517427ee1b718328b1dbdf0356919a4929176b03b2b6d03692ba1acc93df977,175,1,Direct content match with email_importance.csv seed record
EXCL_00276,allen-p/all_documents/193.,allen-p,all_documents,"Tue, 8 Aug 2000 09:30:00 -0700 (PDT)",phillip.allen@enron.com,Request Submitted: Access Request for frank.ermis@enron.com,2dea885555439134a36ccf8acffb54283adf0cd96f0c563d26d2578891613f4e,176,1,Direct content match with email_importance.csv seed record
EXCL_00277,allen-p/all_documents/194.,allen-p,all_documents,"Tue, 8 Aug 2000 09:27:00 -0700 (PDT)",phillip.allen@enron.com,Re: trading opportunities,b03e0ea69287ee6fb262dd9f803186857edce5d0b114ca055889df79c7a21d41,177,0,Direct content match with email_importance.csv seed record
EXCL_00278,allen-p/all_documents/195.,allen-p,all_documents,"Mon, 7 Aug 2000 05:43:00 -0700 (PDT)",phillip.allen@enron.com,New Socal Curves,523f176c44f9769891171542f50dadacae89ab3f00f2061f782012f298f7d6a5,178,0,Direct content match with email_importance.csv seed record
EXCL_00279,allen-p/all_documents/196.,allen-p,all_documents,"Mon, 7 Aug 2000 02:14:00 -0700 (PDT)",phillip.allen@enron.com,Re: Report on Property,6577b35bd52e4de959e646bd18107a150ac56eac1673de6b162d5405dc886802,179,1,Direct content match with email_importance.csv seed record
EXCL_00280,allen-p/all_documents/197.,allen-p,all_documents,"Mon, 7 Aug 2000 00:06:00 -0700 (PDT)",phillip.allen@enron.com,Gas fundamentals development website,de689a10e5d38695e36f1ae81d8eaeeddf20b2ebbe4c71241f60e28df3d4d4ef,182,1,Direct content match with email_importance.csv seed record
EXCL_00281,allen-p/all_documents/198.,allen-p,all_documents,"Sat, 5 Aug 2000 09:38:00 -0700 (PDT)",phillip.allen@enron.com,,c2e86fa7b20a15e6b3c2f1ca7f66667d7859668f157dd144f894ca3786272a0a,183,0,Direct content match with email_importance.csv seed record
EXCL_00282,allen-p/all_documents/199.,allen-p,all_documents,"Fri, 4 Aug 2000 07:00:00 -0700 (PDT)",phillip.allen@enron.com,,38ba53ec96e8f4b3d6ccdc33be855bf2595e0b5a970fb915eba2dca0e7cfe64d,184,1,Direct content match with email_importance.csv seed record
EXCL_00283,allen-p/all_documents/200.,allen-p,all_documents,"Fri, 4 Aug 2000 05:43:00 -0700 (PDT)",phillip.allen@enron.com,,c108c22001976a381a3a1c3818232aba404d928f1a5fb9f07acb0d35fa2bf8f6,185,1,Direct content match with email_importance.csv seed record
EXCL_00284,allen-p/all_documents/201.,allen-p,all_documents,"Thu, 3 Aug 2000 00:12:00 -0700 (PDT)",phillip.allen@enron.com,Re: Electric Overage (1824.62),2eceb40997461ed3c5e31c7e57742db3ae78cb723a03342fc4b6b8ace1bc0e9d,186,1,Direct content match with email_importance.csv seed record
EXCL_00285,allen-p/all_documents/204.,allen-p,all_documents,"Wed, 26 Jul 2000 03:56:00 -0700 (PDT)",phillip.allen@enron.com,New Generation Update 7/24/00,38e5f28e097e879d933dd9ac6472c0b83e1209479cfb4c8eea1ae20a7471ce07,187,0,Direct content match with email_importance.csv seed record
EXCL_00286,allen-p/all_documents/205.,allen-p,all_documents,"Wed, 26 Jul 2000 03:46:00 -0700 (PDT)",phillip.allen@enron.com,Re: New Notice from Transwestern Pipeline Co.,3e25507d67d6c24048ecf7402edc23b325576878aa1bf5b7ccf202bbdcbd6ba8,188,1,Direct content match with email_importance.csv seed record
EXCL_00287,allen-p/all_documents/206.,allen-p,all_documents,"Wed, 26 Jul 2000 03:44:00 -0700 (PDT)",phillip.allen@enron.com,Price for Stanfield Term,558a34e8b6b7a58f91f7727f82ae45f3078479b31f496a44ba9837de427daaba,189,1,Direct content match with email_importance.csv seed record
EXCL_00288,allen-p/all_documents/207.,allen-p,all_documents,"Tue, 25 Jul 2000 10:08:00 -0700 (PDT)",phillip.allen@enron.com,For Wade,52277cab394b5efd9120aad857a75113788ff2942427b128041bd17aee71ad96,190,1,Direct content match with email_importance.csv seed record
EXCL_00289,allen-p/all_documents/208.,allen-p,all_documents,"Mon, 24 Jul 2000 03:15:00 -0700 (PDT)",phillip.allen@enron.com,Re: your address,27017090bde0ec987100dbc0fd6430ec73041ba07e9a5c503b13c8c85c9acf26,191,1,Direct content match with email_importance.csv seed record
EXCL_00290,allen-p/all_documents/209.,allen-p,all_documents,"Thu, 20 Jul 2000 09:59:00 -0700 (PDT)",phillip.allen@enron.com,,b5652189bdc296e79b1c3e0a6ff0fb9471df92c9c265e8c9ec1ccc813acd10fb,193,0,Direct content match with email_importance.csv seed record
EXCL_00291,allen-p/all_documents/210.,allen-p,all_documents,"Wed, 19 Jul 2000 03:39:00 -0700 (PDT)",phillip.allen@enron.com,Interactive Information Resource,77fcf2f8081f9676f366ad8b4aefeb3077442e211e998ba47672a2e070781d0d,194,0,Direct content match with email_importance.csv seed record
EXCL_00292,allen-p/all_documents/211.,allen-p,all_documents,"Tue, 18 Jul 2000 02:38:00 -0700 (PDT)",phillip.allen@enron.com,Re: lunch,0caa296e7b4aef84aa6aec4fd975630ed07ed41391dc6050ec4017fc5cf2e997,195,1,Direct content match with email_importance.csv seed record
EXCL_00293,allen-p/all_documents/212.,allen-p,all_documents,"Mon, 17 Jul 2000 03:46:00 -0700 (PDT)",phillip.allen@enron.com,Comments on Order 637 Compliance Filings,77731bf966d1833c56a63f32e29a22a1cdd1ba18f5b571562f6907e8f3e706ec,196,1,Direct content match with email_importance.csv seed record
EXCL_00294,allen-p/all_documents/213.,allen-p,all_documents,"Fri, 14 Jul 2000 07:01:00 -0700 (PDT)",phillip.allen@enron.com,El Paso Blanco Avg product,b914797b21d2700cd7d10e14a528486a048619932c22db73d52373a77400a5c4,197,1,Direct content match with email_importance.csv seed record
EXCL_00295,allen-p/all_documents/214.,allen-p,all_documents,"Fri, 14 Jul 2000 06:51:00 -0700 (PDT)",phillip.allen@enron.com,Re: 65th BD for Nea,dcabf3a8ac7ad92cbaa855b2cb1aea4f88b9252446b3655c972cab29d8348772,198,1,Direct content match with email_importance.csv seed record
EXCL_00296,allen-p/all_documents/215.,allen-p,all_documents,"Thu, 13 Jul 2000 03:24:00 -0700 (PDT)",phillip.allen@enron.com,Project Elvis and Cactus Open Gas Position,dc49859cde78b8b7e806cd3328772de1dfcd1ddebb4f93e001bd9de64d4f159a,199,1,Direct content match with email_importance.csv seed record
EXCL_00297,allen-p/all_documents/216.,allen-p,all_documents,"Wed, 12 Jul 2000 07:19:00 -0700 (PDT)",phillip.allen@enron.com,assoc. for west desk,914b28a1785b4612a77e08434cc39691d300d4f3ec048ac9325e1f090ee2c723,200,1,Direct content match with email_importance.csv seed record
EXCL_00298,allen-p/all_documents/217.,allen-p,all_documents,"Tue, 11 Jul 2000 09:59:00 -0700 (PDT)",phillip.allen@enron.com,,9e6338ec46b629d8d623fd0d949892ab7302c7d499d4473e6c20b7339cfcbeae,201,0,Direct content match with email_importance.csv seed record
EXCL_00299,allen-p/all_documents/218.,allen-p,all_documents,"Tue, 11 Jul 2000 09:24:00 -0700 (PDT)",phillip.allen@enron.com,Systems Meeting 7/18,138b2e19f5056b5137daefee69e73c9f24652a7859535e56643b81d711d49155,202,1,Direct content match with email_importance.csv seed record
EXCL_00300,allen-p/all_documents/219.,allen-p,all_documents,"Tue, 11 Jul 2000 05:54:00 -0700 (PDT)",phillip.allen@enron.com,assoc. for west desk,33afd9e3ee632c17fe7a3b9f976efdbe9278188ca109872aadb03fd4b0570d20,204,1,Direct content match with email_importance.csv seed record
EXCL_00301,allen-p/all_documents/220.,allen-p,all_documents,"Tue, 11 Jul 2000 02:50:00 -0700 (PDT)",phillip.allen@enron.com,Re: Katy flatlands,c6ef8db9501d3baf7d820003882f794fb332d962c68e336cc494edb78960850c,205,1,Direct content match with email_importance.csv seed record
EXCL_00302,allen-p/all_documents/221.,allen-p,all_documents,"Tue, 11 Jul 2000 02:12:00 -0700 (PDT)",phillip.allen@enron.com,Re: New Notice from Transwestern Pipeline Co.,950cc4a2267b8686072a96aa92d17e6cfe70897f523d3fb82fccdd3c447e4eb8,206,1,Direct content match with email_importance.csv seed record
EXCL_00303,allen-p/all_documents/222.,allen-p,all_documents,"Mon, 10 Jul 2000 23:26:00 -0700 (PDT)",phillip.allen@enron.com,test,393803938b77281405df9930a820b4ac84db70ea1bb359f3e20f7268c47b2466,207,0,Direct content match with email_importance.csv seed record
EXCL_00304,allen-p/all_documents/223.,allen-p,all_documents,"Mon, 10 Jul 2000 23:12:00 -0700 (PDT)",phillip.allen@enron.com,System Meeting 7/11,21a5233d89fcdd94d18387900684a111d73b071b217ede314e24bb71af3cc0d9,208,1,Direct content match with email_importance.csv seed record
EXCL_00305,allen-p/all_documents/224.,allen-p,all_documents,"Mon, 10 Jul 2000 09:47:00 -0700 (PDT)",phillip.allen@enron.com,Natural Gas Customers,321ccea171837620d44a6fb284bb3921e7d66f965a9a8f54d1c7927102fa68b5,209,1,Direct content match with email_importance.csv seed record
EXCL_00306,allen-p/all_documents/225.,allen-p,all_documents,"Mon, 10 Jul 2000 06:56:00 -0700 (PDT)",phillip.allen@enron.com,Re: EXECUTIVE IMPACT COURSE,c719b1517d4e3fb1b337bd41aae40796612d82a899ed31cca8d24faaeb1d69b8,210,1,Direct content match with email_importance.csv seed record
EXCL_00307,allen-p/all_documents/226.,allen-p,all_documents,"Mon, 10 Jul 2000 06:54:00 -0700 (PDT)",phillip.allen@enron.com,Re: Katy flatlands,40d68518e2653d149f4bd7f2975896df23d4bfb3182b2c5d415c5f33866f99bc,211,1,Direct content match with email_importance.csv seed record
EXCL_00308,allen-p/all_documents/227.,allen-p,all_documents,"Fri, 7 Jul 2000 09:41:00 -0700 (PDT)",phillip.allen@enron.com,,5f0a1a8640e3329bce742a6c70d0cf560e77d1765689d9c4fbca6515f69fdad7,212,1,Direct content match with email_importance.csv seed record
EXCL_00309,allen-p/all_documents/228.,allen-p,all_documents,"Fri, 7 Jul 2000 09:39:00 -0700 (PDT)",phillip.allen@enron.com,Re: Brenda Stones telephone numbers,3060a367801c31bc87f534b917076d7036633078da76cd79c75e9a047fff05f9,213,1,Direct content match with email_importance.csv seed record
EXCL_00310,allen-p/all_documents/229.,allen-p,all_documents,"Fri, 7 Jul 2000 06:56:00 -0700 (PDT)",phillip.allen@enron.com,Re: market intelligence,7c8f6936f0355c677cf91135a3cf16dacee4be5d17279be863236624dbb44e58,215,0,Direct content match with email_importance.csv seed record
EXCL_00311,allen-p/all_documents/230.,allen-p,all_documents,"Fri, 7 Jul 2000 06:41:00 -0700 (PDT)",phillip.allen@enron.com,Re: Memory,a14cd1e0b78198b3353b4e7446991c3ded600a31a3384b4b7a9839cfc474a617,216,1,Direct content match with email_importance.csv seed record
EXCL_00312,allen-p/all_documents/231.,allen-p,all_documents,"Thu, 6 Jul 2000 09:38:00 -0700 (PDT)",phillip.allen@enron.com,Re: Thoughts on Presentation,18b10ace5c5905644474f02e7b8af1c3a9500c4fb5fd8cc07234fe60c50fd26c,217,1,Direct content match with email_importance.csv seed record
EXCL_00313,allen-p/all_documents/232.,allen-p,all_documents,"Thu, 6 Jul 2000 08:45:00 -0700 (PDT)",phillip.allen@enron.com,Executive Impact and Influence Course,80c8ec3487e2ad81c6aa5e9778bbbb54218ee575cac9b8968a564ee4e318b39f,218,1,Direct content match with email_importance.csv seed record
EXCL_00314,allen-p/all_documents/233.,allen-p,all_documents,"Fri, 30 Jun 2000 07:31:00 -0700 (PDT)",phillip.allen@enron.com,Re: Notices,bbf56b26d348ff1f5166471d21adb28136c82fa66bd1dc7fab65fa5398a7b5f7,219,1,Direct content match with email_importance.csv seed record
EXCL_00315,allen-p/all_documents/234.,allen-p,all_documents,"Fri, 30 Jun 2000 05:54:00 -0700 (PDT)",phillip.allen@enron.com,(Reminder) Update GIS Information,de304f91e3d8a508c1e2daec863f9c93627121b2753a58d977592d1a5c489f3c,220,1,Direct content match with email_importance.csv seed record
EXCL_00316,allen-p/all_documents/235.,allen-p,all_documents,"Tue, 27 Jun 2000 09:40:00 -0700 (PDT)",phillip.allen@enron.com,West Power Strategy Materials,438fd2a210868b6470b9c2520a23e0b8f0e8ad901cae8ac6ea473cd449aeae5d,221,1,Direct content match with email_importance.csv seed record
EXCL_00317,allen-p/all_documents/236.,allen-p,all_documents,"Tue, 27 Jun 2000 05:33:00 -0700 (PDT)",phillip.allen@enron.com,gas storage model,899ce6142a29eb61a25e1389c665f62f7e3fdbb4c0e311eaf53ebbb1a202529b,222,1,Direct content match with email_importance.csv seed record
EXCL_00318,allen-p/all_documents/237.,allen-p,all_documents,"Mon, 26 Jun 2000 07:54:00 -0700 (PDT)",phillip.allen@enron.com,Re:,964fc79871d53f9e30b3a934f2c359562f5dca493d88d90042e6c5be02d1f11e,223,1,Direct content match with email_importance.csv seed record
EXCL_00319,allen-p/all_documents/238.,allen-p,all_documents,"Mon, 26 Jun 2000 07:13:00 -0700 (PDT)",phillip.allen@enron.com,Re:,4b43ae95c11f8f36fb9fa96ef1a2c5ebc1e087e0ad85e84b46a7d68ae0f65ec3,224,0,Direct content match with email_importance.csv seed record
EXCL_00320,allen-p/all_documents/239.,allen-p,all_documents,"Mon, 26 Jun 2000 06:57:00 -0700 (PDT)",phillip.allen@enron.com,Download Frogger before it hops away!,5bd7354d272f032d27cb1920a187b35ddccf7b144c7f371a7bb286165017ece9,226,0,Direct content match with email_importance.csv seed record
EXCL_00321,allen-p/all_documents/240.,allen-p,all_documents,"Fri, 23 Jun 2000 04:46:00 -0700 (PDT)",phillip.allen@enron.com,FT-Denver book on EOL,5dbba6213ff11d7b5f9dbb1a5438cf2373c0e2ff3874c7c9e893d28fe2f7570b,227,1,Direct content match with email_importance.csv seed record
EXCL_00322,allen-p/all_documents/241.,allen-p,all_documents,"Thu, 22 Jun 2000 00:26:00 -0700 (PDT)",phillip.allen@enron.com,Re: The New Power Company,1ea58d3d40e049decb9bd024cf9505c1c4fa7ed620ededd726b1d1f397d13578,228,1,Direct content match with email_importance.csv seed record
EXCL_00323,allen-p/all_documents/242.,allen-p,all_documents,"Tue, 13 Jun 2000 07:24:00 -0700 (PDT)",phillip.allen@enron.com,Re: Wade,29df7e4ff291e8f189c9419197550583286e0950a81661d7a576c463003d4951,229,1,Direct content match with email_importance.csv seed record
EXCL_00324,allen-p/all_documents/243.,allen-p,all_documents,"Tue, 13 Jun 2000 03:32:00 -0700 (PDT)",phillip.allen@enron.com,,5ac7df9d883e3a08db60674ced62e89e015d708fcdd4f21c16e54c72f46cfcca,230,0,Direct content match with email_importance.csv seed record
EXCL_00325,allen-p/all_documents/244.,allen-p,all_documents,"Mon, 12 Jun 2000 03:56:00 -0700 (PDT)",phillip.allen@enron.com,Thoughts on Presentation,b6a9127109eef7e7e8833839eb47c3716ac50b515765c6dfd551565d2d71f90c,231,1,Direct content match with email_importance.csv seed record
EXCL_00326,allen-p/all_documents/245.,allen-p,all_documents,"Thu, 8 Jun 2000 10:17:00 -0700 (PDT)",phillip.allen@enron.com,,2ed16091244f6e0a404c83424b20a7500b69c293bec462f3dcfb425808574abb,232,1,Direct content match with email_importance.csv seed record
EXCL_00327,allen-p/all_documents/246.,allen-p,all_documents,"Tue, 6 Jun 2000 05:27:00 -0700 (PDT)",phillip.allen@enron.com,,86ff8a3ef633a3f95032e203ae0df3349ceba4f4701ace51e9f38f3753e4d07a,233,1,Direct content match with email_importance.csv seed record
EXCL_00328,allen-p/all_documents/247.,allen-p,all_documents,"Tue, 6 Jun 2000 05:27:00 -0700 (PDT)",phillip.allen@enron.com,,9ef31824e9050fb84d9ce069ba04facc9f31a0eb428404f93cc7bec4716eb8cb,234,1,Direct content match with email_importance.csv seed record
EXCL_00329,allen-p/all_documents/248.,allen-p,all_documents,"Tue, 6 Jun 2000 05:26:00 -0700 (PDT)",phillip.allen@enron.com,,0eb1a7deed7b13b42f2db7441611b6d1cc1996d897389f424282c3d3286649e2,235,1,Direct content match with email_importance.csv seed record
EXCL_00330,allen-p/all_documents/249.,allen-p,all_documents,"Mon, 5 Jun 2000 04:59:00 -0700 (PDT)",phillip.allen@enron.com,Re: Compaq M700 laptop,18345edc5b9c5dd86fbdc85137bc9363c7758f09388407ed9a9eafe24cedca90,237,1,Direct content match with email_importance.csv seed record
EXCL_00331,allen-p/all_documents/250.,allen-p,all_documents,"Fri, 2 Jun 2000 08:37:00 -0700 (PDT)",phillip.allen@enron.com,,04042b2d669ddad7102a3b1d41509289f3a054a29438f7e637d31b4e49e6b755,238,1,Direct content match with email_importance.csv seed record
EXCL_00332,allen-p/all_documents/251.,allen-p,all_documents,"Fri, 2 Jun 2000 03:37:00 -0700 (PDT)",phillip.allen@enron.com,RE: 91 acres,34f61c6847fcd1b8992eaa6cde0e723f57f0801755796722a50ce3e158ba7ed5,239,1,Direct content match with email_importance.csv seed record
EXCL_00333,allen-p/all_documents/252.,allen-p,all_documents,"Wed, 31 May 2000 10:01:00 -0700 (PDT)",phillip.allen@enron.com,Re: What's happening?,a38e5c61d9776285a24916f4bf61978c4e817918a77332d70dcf225045c5b5e8,240,1,Direct content match with email_importance.csv seed record
EXCL_00334,allen-p/all_documents/253.,allen-p,all_documents,"Tue, 30 May 2000 06:32:00 -0700 (PDT)",phillip.allen@enron.com,Transport p&l,0d0841ac48638507fdad92afd48c3d6621fe5dd2f29c5eaac93a8cb3921ca579,241,1,Direct content match with email_importance.csv seed record
EXCL_00335,allen-p/all_documents/254.,allen-p,all_documents,"Fri, 26 May 2000 07:19:00 -0700 (PDT)",phillip.allen@enron.com,Re: balance on truck/loan,91593e63cf76376bed66ec9727a1ab8f9879118736b7021178dc511d7dd62e3a,242,1,Direct content match with email_importance.csv seed record
EXCL_00336,allen-p/all_documents/255.,allen-p,all_documents,"Fri, 26 May 2000 06:10:00 -0700 (PDT)",phillip.allen@enron.com,,3ed7f760f950699fce76524d8d1367c8bf73cbf40272ac005525859b616d207a,243,1,Direct content match with email_importance.csv seed record
EXCL_00337,allen-p/all_documents/256.,allen-p,all_documents,"Fri, 26 May 2000 00:08:00 -0700 (PDT)",phillip.allen@enron.com,Re: Todays update,e252223cf2cf023eb768c14577cda38707e781988d3e3c768d94213185e998cc,244,1,Direct content match with email_importance.csv seed record
EXCL_00338,allen-p/all_documents/257.,allen-p,all_documents,"Wed, 24 May 2000 09:00:00 -0700 (PDT)",phillip.allen@enron.com,,f74f74bfd071fe59000faa013eccfdfa5ea1a7e08153a8b030713d85544e8237,245,1,Direct content match with email_importance.csv seed record
EXCL_00339,allen-p/all_documents/258.,allen-p,all_documents,"Tue, 23 May 2000 07:32:00 -0700 (PDT)",phillip.allen@enron.com,,bd95d5a697b6895a28b7f0228cc28b9114b36267bc62d3eb2dacf8937b054341,246,1,Direct content match with email_importance.csv seed record
EXCL_00340,allen-p/all_documents/259.,allen-p,all_documents,"Mon, 22 May 2000 04:44:00 -0700 (PDT)",phillip.allen@enron.com,Gas Transportation Market Intelligence,e512320990fb7c67aa4ecd25635ea703d1a009749a7fdf52e0ceecf663d0dd48,248,0,Direct content match with email_importance.csv seed record
EXCL_00341,allen-p/all_documents/260.,allen-p,all_documents,"Fri, 19 May 2000 03:53:00 -0700 (PDT)",phillip.allen@enron.com,Re: 91 acres,b8e955ce8176aa2461124651ab803b938f578c20bc3301641094e931d4ff330b,249,1,Direct content match with email_importance.csv seed record
EXCL_00342,allen-p/all_documents/371.,allen-p,all_documents,"Fri, 4 May 2001 01:51:00 -0700 (PDT)",phillip.allen@enron.com,Re:,cd4b2d43f9436fb0652c778ac4a576dff7fab4c4282e213bdce46990d79b072c,65,0,Direct content match with email_importance.csv seed record
EXCL_00343,allen-p/all_documents/372.,allen-p,all_documents,"Thu, 3 May 2001 23:26:00 -0700 (PDT)",phillip.allen@enron.com,,7b6d130ea2c5bb29b012e06715c941a9dacc92b3b639cc58cf8130aa8df0feb1,81,1,Direct content match with email_importance.csv seed record
EXCL_00344,allen-p/all_documents/373.,allen-p,all_documents,"Thu, 3 May 2001 03:57:00 -0700 (PDT)",phillip.allen@enron.com,,7aa3db3b710c7afefe190215ae29c090f7f2d5468dd0705af7d09676ff0a6cb5,92,1,Direct content match with email_importance.csv seed record
EXCL_00345,allen-p/all_documents/374.,allen-p,all_documents,"Wed, 2 May 2001 00:36:00 -0700 (PDT)",phillip.allen@enron.com,,6dfcb9eb32452b63cbe065562cb170f8a9192f8cb66b0879b3cdb3e7cadb7b1d,103,1,Direct content match with email_importance.csv seed record
EXCL_00346,allen-p/all_documents/378.,allen-p,all_documents,"Mon, 30 Apr 2001 09:04:00 -0700 (PDT)",phillip.allen@enron.com,Re: Request from Steve Kean,d3b0d8799ad3e7b667d1a946d12c792b894ce10e4cb436c987716793dd102c39,147,0,Direct content match with email_importance.csv seed record
EXCL_00347,allen-p/all_documents/379.,allen-p,all_documents,"Mon, 30 Apr 2001 04:22:00 -0700 (PDT)",phillip.allen@enron.com,Request from Steve Kean,45d9f6766e715a82a169784ec4b34784f627f5ed5b5e7774c298302a1fd0f36b,158,0,Direct content match with email_importance.csv seed record
EXCL_00348,allen-p/all_documents/380.,allen-p,all_documents,"Mon, 30 Apr 2001 03:37:00 -0700 (PDT)",phillip.allen@enron.com,Request from Steve Kean,f928bcbcc0f624b12ccef3080cca0d26ab7841be32a7dd2cb758daf421ecf96f,169,1,Direct content match with email_importance.csv seed record
EXCL_00349,allen-p/all_documents/381.,allen-p,all_documents,"Fri, 27 Apr 2001 03:37:00 -0700 (PDT)",phillip.allen@enron.com,Re: Analyst Resume - Rafael Avila,62e335a10fcd49b124b9e6af5bf44cfe3e70eee76be7ac14a4e2dea89bc18939,181,1,Direct content match with email_importance.csv seed record
EXCL_00350,allen-p/all_documents/383.,allen-p,all_documents,"Thu, 26 Apr 2001 07:01:00 -0700 (PDT)",phillip.allen@enron.com,Re: Leander etc.,276318b6cd0ab2e4e81966b206357133ef69203395540943a60394eb8dbf75ad,203,1,Direct content match with email_importance.csv seed record
EXCL_00351,allen-p/all_documents/384.,allen-p,all_documents,"Thu, 26 Apr 2001 06:27:00 -0700 (PDT)",phillip.allen@enron.com,Re:,81539c9166f138973bce10ee9acf71da6e6d6257e5427fa3a0d3ffeb89492b85,214,1,Direct content match with email_importance.csv seed record
EXCL_00352,allen-p/all_documents/838.,allen-p,all_documents,"Mon, 23 Oct 2000 06:13:00 -0700 (PDT)",phillip.allen@enron.com,,c4d5f659e0e671bcce5c8d87805afa315a16745e3b98a064e28087a173d6ffa3,67,1,Direct content match with email_importance.csv seed record
EXCL_00353,allen-p/all_documents/839.,allen-p,all_documents,"Thu, 31 Aug 2000 05:07:00 -0700 (PDT)",phillip.allen@enron.com,Re: Hello,5838c2052176fe56dd131b88b643e91a08b6dbfcf21d2ed41520f61a7e6a7376,68,1,Direct content match with email_importance.csv seed record
EXCL_00354,allen-p/all_documents/840.,allen-p,all_documents,"Thu, 31 Aug 2000 04:17:00 -0700 (PDT)",phillip.allen@enron.com,Re: Hello,8ff9be0b9723848be7d6eb8993f2aeff80cb04dda010b4ed790c224eff4bdf3b,69,1,Direct content match with email_importance.csv seed record
EXCL_00355,allen-p/all_documents/841.,allen-p,all_documents,"Tue, 22 Aug 2000 07:44:00 -0700 (PDT)",phillip.allen@enron.com,,eb0b34487756827644eb103a964c207d901655e78136f0240481e966130cc36b,70,1,Direct content match with email_importance.csv seed record
EXCL_00356,allen-p/all_documents/842.,allen-p,all_documents,"Fri, 14 Jul 2000 06:59:00 -0700 (PDT)",phillip.allen@enron.com,Re: PRC review - phone calls,421a8163f3e695aa5f202d55d37c061312822e7187f8c8e8d83c17f4fac920ef,71,1,Direct content match with email_importance.csv seed record
EXCL_00357,allen-p/all_documents/95.,allen-p,all_documents,"Wed, 18 Oct 2000 03:00:00 -0700 (PDT)",phillip.allen@enron.com,Re: test,7ae901ed6a88c69e1911d4e2698bb90b02ef14186142d811bca8ee0570ebc8a8,66,1,Direct content match with email_importance.csv seed record
EXCL_00358,allen-p/all_documents/96.,allen-p,all_documents,"Tue, 17 Oct 2000 02:26:00 -0700 (PDT)",phillip.allen@enron.com,Re: High Speed Internet Access,8c42e831d96770b05a9078ea1a57568114c8817eecade20e8765cbb62906790d,72,1,Direct content match with email_importance.csv seed record
EXCL_00359,allen-p/all_documents/97.,allen-p,all_documents,"Mon, 16 Oct 2000 06:44:00 -0700 (PDT)",phillip.allen@enron.com,FW: fixed forward or other Collar floor gas price terms,a3149a19e2937a699bece9d350ea61a3ab639a46079cf28a94abcd77f75b65ed,73,1,Direct content match with email_importance.csv seed record
EXCL_00360,allen-p/all_documents/98.,allen-p,all_documents,"Mon, 16 Oct 2000 06:42:00 -0700 (PDT)",phillip.allen@enron.com,Re: FW: fixed forward or other Collar floor gas price terms,dedcea437efa1848e553b9e394ac9aac67acd5b266e9ed8e7d84aba5a34a6c84,74,1,Direct content match with email_importance.csv seed record
EXCL_00361,allen-p/all_documents/99.,allen-p,all_documents,"Fri, 13 Oct 2000 06:45:00 -0700 (PDT)",phillip.allen@enron.com,,5f2cf5d9b6cf81378fc0c208423425a988eac8ffb0099a7fc804754241fcc5f9,75,1,Direct content match with email_importance.csv seed record
EXCL_00362,allen-p/discussion_threads/100.,allen-p,discussion_threads,"Wed, 16 Aug 2000 03:59:00 -0700 (PDT)",phillip.allen@enron.com,ENA Management Committee,d610118307993a4ef89c3fbbccbe9c1db03ae98f9b22b0c3bfe71a3be9a3696b,165,1,Direct content match with email_importance.csv seed record
EXCL_00363,allen-p/discussion_threads/101.,allen-p,discussion_threads,"Sun, 20 Aug 2000 10:38:00 -0700 (PDT)",phillip.allen@enron.com,Daily Report,c6f4452c847b90a861fb1f11e435b509b369cca9821b577a87999402b9f11c96,162,0,Direct content match with email_importance.csv seed record
EXCL_00364,allen-p/discussion_threads/102.,allen-p,discussion_threads,"Sun, 20 Aug 2000 10:39:00 -0700 (PDT)",phillip.allen@enron.com,Daily Report,a1c08a55c271e146419b0d67be7c7a510b447006d66cca1a2472b2436029e658,161,0,Direct content match with email_importance.csv seed record
EXCL_00365,allen-p/discussion_threads/103.,allen-p,discussion_threads,"Sun, 20 Aug 2000 10:39:00 -0700 (PDT)",phillip.allen@enron.com,Daily Duties,e8359185e9e68b36ffc3bc06b2436ebf6342a954bc173a4dc1bb4085ca9eee51,160,0,Direct content match with email_importance.csv seed record
EXCL_00366,allen-p/discussion_threads/104.,allen-p,discussion_threads,"Mon, 21 Aug 2000 09:40:00 -0700 (PDT)",phillip.allen@enron.com,,5c6f5e0f2535562fe826ff0d3b8e36725f21c014a60f8b2067e0c14a9535e06a,159,0,Direct content match with email_importance.csv seed record
EXCL_00367,allen-p/discussion_threads/105.,allen-p,discussion_threads,"Tue, 22 Aug 2000 08:22:00 -0700 (PDT)",phillip.allen@enron.com,,eae8832bd997c70319896b96e0540e298c0e77964a1e89672e4c012301b695d2,157,1,Direct content match with email_importance.csv seed record
EXCL_00368,allen-p/discussion_threads/106.,allen-p,discussion_threads,"Wed, 23 Aug 2000 04:25:00 -0700 (PDT)",phillip.allen@enron.com,,bc7c3ed79f6274e1bd6943457bb9d0364630915776295f48ee2744a72826d78c,156,1,Direct content match with email_importance.csv seed record
EXCL_00369,allen-p/discussion_threads/107.,allen-p,discussion_threads,"Fri, 25 Aug 2000 01:47:00 -0700 (PDT)",phillip.allen@enron.com,,a3969e4ab6b8ffd721cb73a276b78398cfc1b4f12f8b07fd63d94ab9da16bddb,152,0,Direct content match with email_importance.csv seed record
EXCL_00370,allen-p/discussion_threads/109.,allen-p,discussion_threads,"Mon, 28 Aug 2000 06:07:00 -0700 (PDT)",phillip.allen@enron.com,,04df8bccd629380a9ea863cd3617c731cd994a00ba034add2e6cee3a8b5b0233,146,1,Direct content match with email_importance.csv seed record
EXCL_00371,allen-p/discussion_threads/110.,allen-p,discussion_threads,"Mon, 28 Aug 2000 06:12:00 -0700 (PDT)",phillip.allen@enron.com,,d89ae9411075cf1ec18f7a58466c19c4cfba80101f715327bb5493b3b6a0d11b,145,1,Direct content match with email_importance.csv seed record
EXCL_00372,allen-p/discussion_threads/111.,allen-p,discussion_threads,"Mon, 28 Aug 2000 06:40:00 -0700 (PDT)",phillip.allen@enron.com,New Generation,c1d3c40e8c800990c657e3c6bc7cff1cc059113e7062256e6571c8405f8af460,144,0,Direct content match with email_importance.csv seed record
EXCL_00373,allen-p/discussion_threads/112.,allen-p,discussion_threads,"Mon, 28 Aug 2000 09:30:00 -0700 (PDT)",phillip.allen@enron.com,,f1d6565cee4872d40746f3ce4a5192cb8cc2f4c24c725f87871e2e6430f91a93,143,0,Direct content match with email_importance.csv seed record
EXCL_00374,allen-p/discussion_threads/113.,allen-p,discussion_threads,"Tue, 29 Aug 2000 05:38:00 -0700 (PDT)",phillip.allen@enron.com,,b9e05eb5d4761fb5c14e5e3b58eae8e86b3bc14663bd50cf725cc9d565a918b9,142,1,Direct content match with email_importance.csv seed record
EXCL_00375,allen-p/discussion_threads/114.,allen-p,discussion_threads,"Tue, 29 Aug 2000 09:20:00 -0700 (PDT)",phillip.allen@enron.com,,4f7c01d395d01fb52334a350b9ed32bb3467df2f97958601f19535cb99b97e74,141,0,Direct content match with email_importance.csv seed record
EXCL_00376,allen-p/discussion_threads/115.,allen-p,discussion_threads,"Thu, 31 Aug 2000 03:17:00 -0700 (PDT)",phillip.allen@enron.com,,5d26cd8211ead30e04432dfbb9a011e2247ec2e8c44a88e43d0726714f60fa64,138,0,Direct content match with email_importance.csv seed record
EXCL_00377,allen-p/discussion_threads/116.,allen-p,discussion_threads,"Thu, 31 Aug 2000 05:02:00 -0700 (PDT)",phillip.allen@enron.com,,1726828f894839354fc2be4573165e8660ec087b3975acfb33b9b649244bc84c,137,0,Direct content match with email_importance.csv seed record
EXCL_00378,allen-p/discussion_threads/118.,allen-p,discussion_threads,"Thu, 31 Aug 2000 06:54:00 -0700 (PDT)",phillip.allen@enron.com,,d036fb9e7c80dac161718c64c46f92d03e1e4dfef87ef07c62dc04c6746e6773,134,1,Direct content match with email_importance.csv seed record
EXCL_00379,allen-p/discussion_threads/119.,allen-p,discussion_threads,"Fri, 1 Sep 2000 06:08:00 -0700 (PDT)",phillip.allen@enron.com,FYI,2faaa76f2e5173c0b6c3c3146c80d5428408ef83b8deb98d1b062f59d16c58d6,132,0,Direct content match with email_importance.csv seed record
EXCL_00380,allen-p/discussion_threads/120.,allen-p,discussion_threads,"Tue, 5 Sep 2000 06:30:00 -0700 (PDT)",phillip.allen@enron.com,,d2473eea43973973e10a561219a121cdb1e81628e7a7a9aff73176b908fe8b9a,131,1,Direct content match with email_importance.csv seed record
EXCL_00381,allen-p/discussion_threads/122.,allen-p,discussion_threads,"Wed, 6 Sep 2000 03:46:00 -0700 (PDT)",phillip.allen@enron.com,Re:,7b3ef69413e82b4d011a6e7d8e60fe3b1bb136138f1847ea5eb91fb6c626543e,128,1,Direct content match with email_importance.csv seed record
EXCL_00382,allen-p/discussion_threads/123.,allen-p,discussion_threads,"Wed, 6 Sep 2000 04:46:00 -0700 (PDT)",phillip.allen@enron.com,Wow,6f923dd704d6721df5b0979b50350608237fa6de79b3848ee38c67a822b710c7,127,0,Direct content match with email_importance.csv seed record
EXCL_00383,allen-p/discussion_threads/124.,allen-p,discussion_threads,"Wed, 6 Sep 2000 06:04:00 -0700 (PDT)",phillip.allen@enron.com,,c954504ad1b363abf3ed57a9d56fd30a8d91df660f27722c91e23deffa30e261,126,1,Direct content match with email_importance.csv seed record
EXCL_00384,allen-p/discussion_threads/125.,allen-p,discussion_threads,"Wed, 6 Sep 2000 07:00:00 -0700 (PDT)",phillip.allen@enron.com,,021fe5309bd6c5de1a8daf06975d7d681311d2dc636cc51e0ffb45609e6a6d0b,124,1,Direct content match with email_importance.csv seed record
EXCL_00385,allen-p/discussion_threads/126.,allen-p,discussion_threads,"Wed, 6 Sep 2000 07:02:00 -0700 (PDT)",phillip.allen@enron.com,TIME SENSITIVE: Executive Impact & Influence Program Survey,fe2583bd9d13724fce8ed427b6891c3438862c8d86e80fc940aa4b7a22b57ac3,123,1,Direct content match with email_importance.csv seed record
EXCL_00386,allen-p/discussion_threads/127.,allen-p,discussion_threads,"Wed, 6 Sep 2000 08:54:00 -0700 (PDT)",phillip.allen@enron.com,utilities roll,8161c863780f41637bcbd6421e4d59dcbc1539d954b78bb35c4532f6a16ab977,122,0,Direct content match with email_importance.csv seed record
EXCL_00387,allen-p/discussion_threads/128.,allen-p,discussion_threads,"Fri, 8 Sep 2000 05:29:00 -0700 (PDT)",phillip.allen@enron.com,Westgate Proforma-Phillip Allen.xls,e07797d6de16ff2e097fdeb73ce368a1f2f2fa61332f05d8a2a7da485ebcc934,121,1,Direct content match with email_importance.csv seed record
EXCL_00388,allen-p/discussion_threads/129.,allen-p,discussion_threads,"Fri, 8 Sep 2000 05:30:00 -0700 (PDT)",phillip.allen@enron.com,Sagewood Town Homes,8ac5ca63914da730eee88a40da16de8dadbd6919f1f73b938cc3d3b238fa882b,120,1,Direct content match with email_importance.csv seed record
EXCL_00389,allen-p/discussion_threads/130.,allen-p,discussion_threads,"Mon, 11 Sep 2000 08:07:00 -0700 (PDT)",phillip.allen@enron.com,,317f350696a5dd5f0a03d91b7300f5a59b00f7fd2902a2ca27ebf64327aa1390,117,1,Direct content match with email_importance.csv seed record
EXCL_00390,allen-p/discussion_threads/131.,allen-p,discussion_threads,"Mon, 11 Sep 2000 09:57:00 -0700 (PDT)",phillip.allen@enron.com,Westgate Proforma-Phillip Allen.xls,6960581001f40825fe42d45770b0af0b3fc3939610a07106f142f220d3fd893b,115,1,Direct content match with email_importance.csv seed record
EXCL_00391,allen-p/discussion_threads/132.,allen-p,discussion_threads,"Tue, 12 Sep 2000 00:27:00 -0700 (PDT)",phillip.allen@enron.com,,78e562b71a5f9828e5549d5ccfccd4843b371f78d1b2fe72c6abca2ae0a45306,113,0,Direct content match with email_importance.csv seed record
EXCL_00392,allen-p/discussion_threads/133.,allen-p,discussion_threads,"Tue, 12 Sep 2000 04:23:00 -0700 (PDT)",phillip.allen@enron.com,Contact list for mid market,8e46bf8875f8a0f29e924a8c84719cf364c46749be2ade20363a738955608172,112,1,Direct content match with email_importance.csv seed record
EXCL_00393,allen-p/discussion_threads/134.,allen-p,discussion_threads,"Tue, 12 Sep 2000 06:06:00 -0700 (PDT)",phillip.allen@enron.com,,0fee29e020394ced617cc5c1b5b327a850e1c1ea2ed54b981890fa47a856222d,111,1,Direct content match with email_importance.csv seed record
EXCL_00394,allen-p/discussion_threads/135.,allen-p,discussion_threads,"Wed, 13 Sep 2000 06:02:00 -0700 (PDT)",phillip.allen@enron.com,,2f526c23a75134c025d3746c3d5fb88ac5fdb004e98eb3d5c4e426c5642d9688,109,1,Direct content match with email_importance.csv seed record
EXCL_00395,allen-p/discussion_threads/136.,allen-p,discussion_threads,"Tue, 19 Sep 2000 03:15:00 -0700 (PDT)",phillip.allen@enron.com,,88d1e1640216cce2f6e0136df50e58a447aeb0aa775d8904a2009be8590792ac,107,0,Direct content match with email_importance.csv seed record
EXCL_00396,allen-p/discussion_threads/137.,allen-p,discussion_threads,"Tue, 19 Sep 2000 07:26:00 -0700 (PDT)",phillip.allen@enron.com,,3063a215da262b64f4f6fdb72d768b315ed0675135275082031d902b29b5b4ba,106,1,Direct content match with email_importance.csv seed record
EXCL_00397,allen-p/discussion_threads/138.,allen-p,discussion_threads,"Tue, 19 Sep 2000 09:35:00 -0700 (PDT)",phillip.allen@enron.com,Westgate Proforma-Phillip Allen.xls,6e9c0faef00c182d182234aa6c55da115533bdfa7ecf59dbb1fedbb3fffaeffb,105,1,Direct content match with email_importance.csv seed record
EXCL_00398,allen-p/discussion_threads/139.,allen-p,discussion_threads,"Wed, 20 Sep 2000 06:34:00 -0700 (PDT)",phillip.allen@enron.com,,426da3654df99c4827c1d815b927e1581b3430e3c91c55adce1112dab8f122a9,104,1,Direct content match with email_importance.csv seed record
EXCL_00399,allen-p/discussion_threads/140.,allen-p,discussion_threads,"Wed, 20 Sep 2000 08:06:00 -0700 (PDT)",phillip.allen@enron.com,,e09950eb6fb429d48e78d1a6601aa6a3680dfdbc04c74c4eadcba6cf3f04b218,102,1,Direct content match with email_importance.csv seed record
EXCL_00400,allen-p/discussion_threads/141.,allen-p,discussion_threads,"Fri, 22 Sep 2000 00:06:00 -0700 (PDT)",phillip.allen@enron.com,,8707b2974c9b0c13fefd767abe44cc72bc64df4181f8acbf417f60802637fc5a,101,1,Direct content match with email_importance.csv seed record
EXCL_00401,allen-p/discussion_threads/142.,allen-p,discussion_threads,"Mon, 25 Sep 2000 05:47:00 -0700 (PDT)",phillip.allen@enron.com,,014cfcee8866fbaa43ea6ed21a923b33d645c06636764167fb3a6b81f8630d53,100,1,Direct content match with email_importance.csv seed record
EXCL_00402,allen-p/discussion_threads/143.,allen-p,discussion_threads,"Mon, 25 Sep 2000 07:01:00 -0700 (PDT)",phillip.allen@enron.com,,9180a62de2dd60138ebcd7e621315847c20d4d225042776d77b0bfe25b1a2c32,99,1,Direct content match with email_importance.csv seed record
EXCL_00403,allen-p/discussion_threads/144.,allen-p,discussion_threads,"Mon, 25 Sep 2000 07:01:00 -0700 (PDT)",phillip.allen@enron.com,,acc1d025737f763d33b7db92b4376bc49be58e5e7f96b174b4b59d2d82ffbd45,98,1,Direct content match with email_importance.csv seed record
EXCL_00404,allen-p/discussion_threads/145.,allen-p,discussion_threads,"Mon, 25 Sep 2000 07:04:00 -0700 (PDT)",phillip.allen@enron.com,,e0e87bcb2be6df77476b0ec0adde2a9405148240aba624c7aa71b36435fba6ef,97,1,Direct content match with email_importance.csv seed record
EXCL_00405,allen-p/discussion_threads/146.,allen-p,discussion_threads,"Tue, 26 Sep 2000 04:57:00 -0700 (PDT)",phillip.allen@enron.com,closing,0406f81a441ecdd03edfd3111a440dfce8f43744e62a17da231a9d2295997b1d,96,1,Direct content match with email_importance.csv seed record
EXCL_00406,allen-p/discussion_threads/147.,allen-p,discussion_threads,"Tue, 26 Sep 2000 05:07:00 -0700 (PDT)",phillip.allen@enron.com,Gas Physical/Financial Position,f0c634c616d9af994dd417611db06a9c48ab10921bc3e75823ee253564677346,95,1,Direct content match with email_importance.csv seed record
EXCL_00407,allen-p/discussion_threads/148.,allen-p,discussion_threads,"Tue, 26 Sep 2000 05:08:00 -0700 (PDT)",phillip.allen@enron.com,,2bb3c9c3fa0ba19a160f3153a6942822bbf9485ad6fe52e721104054baabffe2,94,1,Direct content match with email_importance.csv seed record
EXCL_00408,allen-p/discussion_threads/149.,allen-p,discussion_threads,"Tue, 26 Sep 2000 07:01:00 -0700 (PDT)",phillip.allen@enron.com,,37160cbea6beef2338206008736b9839aed8b96c66c576f25948b81591339a8a,91,1,Direct content match with email_importance.csv seed record
EXCL_00409,allen-p/discussion_threads/150.,allen-p,discussion_threads,"Tue, 26 Sep 2000 09:26:00 -0700 (PDT)",phillip.allen@enron.com,Investment Structure,33495f436175b97c6fa7b46cbc40712ab62539878b1c2c0ae28868ac67d968b1,90,1,Direct content match with email_importance.csv seed record
EXCL_00410,allen-p/discussion_threads/151.,allen-p,discussion_threads,"Tue, 26 Sep 2000 09:28:00 -0700 (PDT)",phillip.allen@enron.com,Investment Structure,a3be831c42ba183853ad401251f026b2ca33e7c1445a972ba2995d45221fe233,89,1,Direct content match with email_importance.csv seed record
EXCL_00411,allen-p/discussion_threads/152.,allen-p,discussion_threads,"Thu, 28 Sep 2000 05:56:00 -0700 (PDT)",phillip.allen@enron.com,San Juan Index,273e4a17367a8bdb45458ef14b87ecd655c6a9dc93fb0e19f53474f069871730,88,1,Direct content match with email_importance.csv seed record
EXCL_00412,allen-p/discussion_threads/153.,allen-p,discussion_threads,"Thu, 28 Sep 2000 06:17:00 -0700 (PDT)",phillip.allen@enron.com,San Juan Index,e9a42b2b9c399883118bc2276add1f651f91e43d7c7e6ee8384078e5a9ece4e0,87,0,Direct content match with email_importance.csv seed record
EXCL_00413,allen-p/discussion_threads/154.,allen-p,discussion_threads,"Tue, 3 Oct 2000 09:13:00 -0700 (PDT)",phillip.allen@enron.com,,93bcc68a30013cbe94e8f71b0bc02bf6894b1dfb6fa86d72b354991c4b40e746,84,1,Direct content match with email_importance.csv seed record
EXCL_00414,allen-p/discussion_threads/155.,allen-p,discussion_threads,"Tue, 3 Oct 2000 09:15:00 -0700 (PDT)",phillip.allen@enron.com,Meeting re: Storage Strategies in the West,e03702e810fca141b3496311b586e47b8bb2b34063ca92101648b61bad4bdb22,83,1,Direct content match with email_importance.csv seed record
EXCL_00415,allen-p/discussion_threads/156.,allen-p,discussion_threads,"Tue, 3 Oct 2000 09:30:00 -0700 (PDT)",phillip.allen@enron.com,Westgate,f21ceae4628889c386d4d4a0f8cd9f54421c7d02dba7eb37495cf0b034a2053c,82,1,Direct content match with email_importance.csv seed record
EXCL_00416,allen-p/discussion_threads/157.,allen-p,discussion_threads,"Wed, 4 Oct 2000 09:23:00 -0700 (PDT)",phillip.allen@enron.com,"Var, Reporting and Resources Meeting",0bd445a31b1b0d7f3fe02f78abe97198c16694679a906492156741315ab3c979,80,1,Direct content match with email_importance.csv seed record
EXCL_00417,allen-p/discussion_threads/158.,allen-p,discussion_threads,"Thu, 5 Oct 2000 06:26:00 -0700 (PDT)",phillip.allen@enron.com,,f343e11ca6839a425d349f59741f1f1637aaa847f10c24dd1417cad93241ff7d,78,1,Direct content match with email_importance.csv seed record
EXCL_00418,allen-p/discussion_threads/159.,allen-p,discussion_threads,"Mon, 9 Oct 2000 07:00:00 -0700 (PDT)",phillip.allen@enron.com,Consolidated positions: Issues & To Do list,367786ad71ea4ecf50bb64e889f0d895cd1a176db96ac8db96764a366a50703b,77,1,Direct content match with email_importance.csv seed record
EXCL_00419,allen-p/discussion_threads/160.,allen-p,discussion_threads,"Mon, 9 Oct 2000 07:16:00 -0700 (PDT)",phillip.allen@enron.com,Consolidated positions: Issues & To Do list,579b21affa6690e1ce1724594bbfe0c70d6fe21a800d0521bd53315115955746,76,1,Direct content match with email_importance.csv seed record
EXCL_00420,allen-p/discussion_threads/161.,allen-p,discussion_threads,"Fri, 13 Oct 2000 06:45:00 -0700 (PDT)",phillip.allen@enron.com,,5f2cf5d9b6cf81378fc0c208423425a988eac8ffb0099a7fc804754241fcc5f9,75,1,Direct content match with email_importance.csv seed record
EXCL_00421,allen-p/discussion_threads/162.,allen-p,discussion_threads,"Mon, 16 Oct 2000 06:44:00 -0700 (PDT)",phillip.allen@enron.com,FW: fixed forward or other Collar floor gas price terms,a3149a19e2937a699bece9d350ea61a3ab639a46079cf28a94abcd77f75b65ed,73,1,Direct content match with email_importance.csv seed record
EXCL_00422,allen-p/discussion_threads/53.,allen-p,discussion_threads,"Mon, 22 May 2000 04:44:00 -0700 (PDT)",phillip.allen@enron.com,Gas Transportation Market Intelligence,e512320990fb7c67aa4ecd25635ea703d1a009749a7fdf52e0ceecf663d0dd48,248,0,Direct content match with email_importance.csv seed record
EXCL_00423,allen-p/discussion_threads/531.,allen-p,discussion_threads,"Mon, 30 Apr 2001 03:37:00 -0700 (PDT)",phillip.allen@enron.com,Request from Steve Kean,f928bcbcc0f624b12ccef3080cca0d26ab7841be32a7dd2cb758daf421ecf96f,169,1,Direct content match with email_importance.csv seed record
EXCL_00424,allen-p/discussion_threads/532.,allen-p,discussion_threads,"Mon, 30 Apr 2001 04:22:00 -0700 (PDT)",phillip.allen@enron.com,Request from Steve Kean,45d9f6766e715a82a169784ec4b34784f627f5ed5b5e7774c298302a1fd0f36b,158,0,Direct content match with email_importance.csv seed record
EXCL_00425,allen-p/discussion_threads/536.,allen-p,discussion_threads,"Wed, 2 May 2001 00:36:00 -0700 (PDT)",phillip.allen@enron.com,,6dfcb9eb32452b63cbe065562cb170f8a9192f8cb66b0879b3cdb3e7cadb7b1d,103,1,Direct content match with email_importance.csv seed record
EXCL_00426,allen-p/discussion_threads/537.,allen-p,discussion_threads,"Thu, 3 May 2001 03:57:00 -0700 (PDT)",phillip.allen@enron.com,,7aa3db3b710c7afefe190215ae29c090f7f2d5468dd0705af7d09676ff0a6cb5,92,1,Direct content match with email_importance.csv seed record
EXCL_00427,allen-p/discussion_threads/538.,allen-p,discussion_threads,"Thu, 3 May 2001 23:26:00 -0700 (PDT)",phillip.allen@enron.com,,7b6d130ea2c5bb29b012e06715c941a9dacc92b3b639cc58cf8130aa8df0feb1,81,1,Direct content match with email_importance.csv seed record
EXCL_00428,allen-p/discussion_threads/54.,allen-p,discussion_threads,"Tue, 23 May 2000 07:32:00 -0700 (PDT)",phillip.allen@enron.com,,bd95d5a697b6895a28b7f0228cc28b9114b36267bc62d3eb2dacf8937b054341,246,1,Direct content match with email_importance.csv seed record
EXCL_00429,allen-p/discussion_threads/55.,allen-p,discussion_threads,"Wed, 24 May 2000 09:00:00 -0700 (PDT)",phillip.allen@enron.com,,f74f74bfd071fe59000faa013eccfdfa5ea1a7e08153a8b030713d85544e8237,245,1,Direct content match with email_importance.csv seed record
EXCL_00430,allen-p/discussion_threads/554.,allen-p,discussion_threads,"Tue, 22 Aug 2000 07:44:00 -0700 (PDT)",phillip.allen@enron.com,,eb0b34487756827644eb103a964c207d901655e78136f0240481e966130cc36b,70,1,Direct content match with email_importance.csv seed record
EXCL_00431,allen-p/discussion_threads/555.,allen-p,discussion_threads,"Mon, 23 Oct 2000 06:13:00 -0700 (PDT)",phillip.allen@enron.com,,c4d5f659e0e671bcce5c8d87805afa315a16745e3b98a064e28087a173d6ffa3,67,1,Direct content match with email_importance.csv seed record
EXCL_00432,allen-p/discussion_threads/56.,allen-p,discussion_threads,"Fri, 26 May 2000 06:10:00 -0700 (PDT)",phillip.allen@enron.com,,3ed7f760f950699fce76524d8d1367c8bf73cbf40272ac005525859b616d207a,243,1,Direct content match with email_importance.csv seed record
EXCL_00433,allen-p/discussion_threads/57.,allen-p,discussion_threads,"Tue, 30 May 2000 06:32:00 -0700 (PDT)",phillip.allen@enron.com,Transport p&l,0d0841ac48638507fdad92afd48c3d6621fe5dd2f29c5eaac93a8cb3921ca579,241,1,Direct content match with email_importance.csv seed record
EXCL_00434,allen-p/discussion_threads/58.,allen-p,discussion_threads,"Fri, 2 Jun 2000 08:37:00 -0700 (PDT)",phillip.allen@enron.com,,04042b2d669ddad7102a3b1d41509289f3a054a29438f7e637d31b4e49e6b755,238,1,Direct content match with email_importance.csv seed record
EXCL_00435,allen-p/discussion_threads/59.,allen-p,discussion_threads,"Tue, 6 Jun 2000 05:26:00 -0700 (PDT)",phillip.allen@enron.com,,0eb1a7deed7b13b42f2db7441611b6d1cc1996d897389f424282c3d3286649e2,235,1,Direct content match with email_importance.csv seed record
EXCL_00436,allen-p/discussion_threads/60.,allen-p,discussion_threads,"Tue, 6 Jun 2000 05:27:00 -0700 (PDT)",phillip.allen@enron.com,,9ef31824e9050fb84d9ce069ba04facc9f31a0eb428404f93cc7bec4716eb8cb,234,1,Direct content match with email_importance.csv seed record
EXCL_00437,allen-p/discussion_threads/61.,allen-p,discussion_threads,"Tue, 6 Jun 2000 05:27:00 -0700 (PDT)",phillip.allen@enron.com,,86ff8a3ef633a3f95032e203ae0df3349ceba4f4701ace51e9f38f3753e4d07a,233,1,Direct content match with email_importance.csv seed record
EXCL_00438,allen-p/discussion_threads/62.,allen-p,discussion_threads,"Thu, 8 Jun 2000 10:17:00 -0700 (PDT)",phillip.allen@enron.com,,2ed16091244f6e0a404c83424b20a7500b69c293bec462f3dcfb425808574abb,232,1,Direct content match with email_importance.csv seed record
EXCL_00439,allen-p/discussion_threads/63.,allen-p,discussion_threads,"Mon, 12 Jun 2000 03:56:00 -0700 (PDT)",phillip.allen@enron.com,Thoughts on Presentation,b6a9127109eef7e7e8833839eb47c3716ac50b515765c6dfd551565d2d71f90c,231,1,Direct content match with email_importance.csv seed record
EXCL_00440,allen-p/discussion_threads/64.,allen-p,discussion_threads,"Tue, 13 Jun 2000 03:32:00 -0700 (PDT)",phillip.allen@enron.com,,5ac7df9d883e3a08db60674ced62e89e015d708fcdd4f21c16e54c72f46cfcca,230,0,Direct content match with email_importance.csv seed record
EXCL_00441,allen-p/discussion_threads/65.,allen-p,discussion_threads,"Fri, 23 Jun 2000 04:46:00 -0700 (PDT)",phillip.allen@enron.com,FT-Denver book on EOL,5dbba6213ff11d7b5f9dbb1a5438cf2373c0e2ff3874c7c9e893d28fe2f7570b,227,1,Direct content match with email_importance.csv seed record
EXCL_00442,allen-p/discussion_threads/66.,allen-p,discussion_threads,"Mon, 26 Jun 2000 06:57:00 -0700 (PDT)",phillip.allen@enron.com,Download Frogger before it hops away!,5bd7354d272f032d27cb1920a187b35ddccf7b144c7f371a7bb286165017ece9,226,0,Direct content match with email_importance.csv seed record
EXCL_00443,allen-p/discussion_threads/67.,allen-p,discussion_threads,"Tue, 27 Jun 2000 05:33:00 -0700 (PDT)",phillip.allen@enron.com,gas storage model,899ce6142a29eb61a25e1389c665f62f7e3fdbb4c0e311eaf53ebbb1a202529b,222,1,Direct content match with email_importance.csv seed record
EXCL_00444,allen-p/discussion_threads/68.,allen-p,discussion_threads,"Tue, 27 Jun 2000 09:40:00 -0700 (PDT)",phillip.allen@enron.com,West Power Strategy Materials,438fd2a210868b6470b9c2520a23e0b8f0e8ad901cae8ac6ea473cd449aeae5d,221,1,Direct content match with email_importance.csv seed record
EXCL_00445,allen-p/discussion_threads/69.,allen-p,discussion_threads,"Fri, 30 Jun 2000 05:54:00 -0700 (PDT)",phillip.allen@enron.com,(Reminder) Update GIS Information,de304f91e3d8a508c1e2daec863f9c93627121b2753a58d977592d1a5c489f3c,220,1,Direct content match with email_importance.csv seed record
EXCL_00446,allen-p/discussion_threads/70.,allen-p,discussion_threads,"Thu, 6 Jul 2000 08:45:00 -0700 (PDT)",phillip.allen@enron.com,Executive Impact and Influence Course,80c8ec3487e2ad81c6aa5e9778bbbb54218ee575cac9b8968a564ee4e318b39f,218,1,Direct content match with email_importance.csv seed record
EXCL_00447,allen-p/discussion_threads/71.,allen-p,discussion_threads,"Fri, 7 Jul 2000 09:41:00 -0700 (PDT)",phillip.allen@enron.com,,5f0a1a8640e3329bce742a6c70d0cf560e77d1765689d9c4fbca6515f69fdad7,212,1,Direct content match with email_importance.csv seed record
EXCL_00448,allen-p/discussion_threads/72.,allen-p,discussion_threads,"Mon, 10 Jul 2000 09:47:00 -0700 (PDT)",phillip.allen@enron.com,Natural Gas Customers,321ccea171837620d44a6fb284bb3921e7d66f965a9a8f54d1c7927102fa68b5,209,1,Direct content match with email_importance.csv seed record
EXCL_00449,allen-p/discussion_threads/73.,allen-p,discussion_threads,"Mon, 10 Jul 2000 23:12:00 -0700 (PDT)",phillip.allen@enron.com,System Meeting 7/11,21a5233d89fcdd94d18387900684a111d73b071b217ede314e24bb71af3cc0d9,208,1,Direct content match with email_importance.csv seed record
EXCL_00450,allen-p/discussion_threads/74.,allen-p,discussion_threads,"Mon, 10 Jul 2000 23:26:00 -0700 (PDT)",phillip.allen@enron.com,test,393803938b77281405df9930a820b4ac84db70ea1bb359f3e20f7268c47b2466,207,0,Direct content match with email_importance.csv seed record
EXCL_00451,allen-p/discussion_threads/75.,allen-p,discussion_threads,"Tue, 11 Jul 2000 05:54:00 -0700 (PDT)",phillip.allen@enron.com,assoc. for west desk,33afd9e3ee632c17fe7a3b9f976efdbe9278188ca109872aadb03fd4b0570d20,204,1,Direct content match with email_importance.csv seed record
EXCL_00452,allen-p/discussion_threads/76.,allen-p,discussion_threads,"Tue, 11 Jul 2000 09:24:00 -0700 (PDT)",phillip.allen@enron.com,Systems Meeting 7/18,138b2e19f5056b5137daefee69e73c9f24652a7859535e56643b81d711d49155,202,1,Direct content match with email_importance.csv seed record
EXCL_00453,allen-p/discussion_threads/77.,allen-p,discussion_threads,"Tue, 11 Jul 2000 09:59:00 -0700 (PDT)",phillip.allen@enron.com,,9e6338ec46b629d8d623fd0d949892ab7302c7d499d4473e6c20b7339cfcbeae,201,0,Direct content match with email_importance.csv seed record
EXCL_00454,allen-p/discussion_threads/78.,allen-p,discussion_threads,"Wed, 12 Jul 2000 07:19:00 -0700 (PDT)",phillip.allen@enron.com,assoc. for west desk,914b28a1785b4612a77e08434cc39691d300d4f3ec048ac9325e1f090ee2c723,200,1,Direct content match with email_importance.csv seed record
EXCL_00455,allen-p/discussion_threads/79.,allen-p,discussion_threads,"Thu, 13 Jul 2000 03:24:00 -0700 (PDT)",phillip.allen@enron.com,Project Elvis and Cactus Open Gas Position,dc49859cde78b8b7e806cd3328772de1dfcd1ddebb4f93e001bd9de64d4f159a,199,1,Direct content match with email_importance.csv seed record
EXCL_00456,allen-p/discussion_threads/80.,allen-p,discussion_threads,"Fri, 14 Jul 2000 07:01:00 -0700 (PDT)",phillip.allen@enron.com,El Paso Blanco Avg product,b914797b21d2700cd7d10e14a528486a048619932c22db73d52373a77400a5c4,197,1,Direct content match with email_importance.csv seed record
EXCL_00457,allen-p/discussion_threads/81.,allen-p,discussion_threads,"Mon, 17 Jul 2000 03:46:00 -0700 (PDT)",phillip.allen@enron.com,Comments on Order 637 Compliance Filings,77731bf966d1833c56a63f32e29a22a1cdd1ba18f5b571562f6907e8f3e706ec,196,1,Direct content match with email_importance.csv seed record
EXCL_00458,allen-p/discussion_threads/82.,allen-p,discussion_threads,"Wed, 19 Jul 2000 03:39:00 -0700 (PDT)",phillip.allen@enron.com,Interactive Information Resource,77fcf2f8081f9676f366ad8b4aefeb3077442e211e998ba47672a2e070781d0d,194,0,Direct content match with email_importance.csv seed record
EXCL_00459,allen-p/discussion_threads/83.,allen-p,discussion_threads,"Thu, 20 Jul 2000 09:59:00 -0700 (PDT)",phillip.allen@enron.com,,b5652189bdc296e79b1c3e0a6ff0fb9471df92c9c265e8c9ec1ccc813acd10fb,193,0,Direct content match with email_importance.csv seed record
EXCL_00460,allen-p/discussion_threads/84.,allen-p,discussion_threads,"Tue, 25 Jul 2000 10:08:00 -0700 (PDT)",phillip.allen@enron.com,For Wade,52277cab394b5efd9120aad857a75113788ff2942427b128041bd17aee71ad96,190,1,Direct content match with email_importance.csv seed record
EXCL_00461,allen-p/discussion_threads/85.,allen-p,discussion_threads,"Wed, 26 Jul 2000 03:44:00 -0700 (PDT)",phillip.allen@enron.com,Price for Stanfield Term,558a34e8b6b7a58f91f7727f82ae45f3078479b31f496a44ba9837de427daaba,189,1,Direct content match with email_importance.csv seed record
EXCL_00462,allen-p/discussion_threads/86.,allen-p,discussion_threads,"Wed, 26 Jul 2000 03:56:00 -0700 (PDT)",phillip.allen@enron.com,New Generation Update 7/24/00,38e5f28e097e879d933dd9ac6472c0b83e1209479cfb4c8eea1ae20a7471ce07,187,0,Direct content match with email_importance.csv seed record
EXCL_00463,allen-p/discussion_threads/88.,allen-p,discussion_threads,"Fri, 4 Aug 2000 05:43:00 -0700 (PDT)",phillip.allen@enron.com,,c108c22001976a381a3a1c3818232aba404d928f1a5fb9f07acb0d35fa2bf8f6,185,1,Direct content match with email_importance.csv seed record
EXCL_00464,allen-p/discussion_threads/89.,allen-p,discussion_threads,"Fri, 4 Aug 2000 07:00:00 -0700 (PDT)",phillip.allen@enron.com,,38ba53ec96e8f4b3d6ccdc33be855bf2595e0b5a970fb915eba2dca0e7cfe64d,184,1,Direct content match with email_importance.csv seed record
EXCL_00465,allen-p/discussion_threads/90.,allen-p,discussion_threads,"Sat, 5 Aug 2000 09:38:00 -0700 (PDT)",phillip.allen@enron.com,,c2e86fa7b20a15e6b3c2f1ca7f66667d7859668f157dd144f894ca3786272a0a,183,0,Direct content match with email_importance.csv seed record
EXCL_00466,allen-p/discussion_threads/91.,allen-p,discussion_threads,"Mon, 7 Aug 2000 00:06:00 -0700 (PDT)",phillip.allen@enron.com,Gas fundamentals development website,de689a10e5d38695e36f1ae81d8eaeeddf20b2ebbe4c71241f60e28df3d4d4ef,182,1,Direct content match with email_importance.csv seed record
EXCL_00467,allen-p/discussion_threads/92.,allen-p,discussion_threads,"Mon, 7 Aug 2000 05:43:00 -0700 (PDT)",phillip.allen@enron.com,New Socal Curves,523f176c44f9769891171542f50dadacae89ab3f00f2061f782012f298f7d6a5,178,0,Direct content match with email_importance.csv seed record
EXCL_00468,allen-p/discussion_threads/93.,allen-p,discussion_threads,"Tue, 8 Aug 2000 09:30:00 -0700 (PDT)",phillip.allen@enron.com,Request Submitted: Access Request for frank.ermis@enron.com,2dea885555439134a36ccf8acffb54283adf0cd96f0c563d26d2578891613f4e,176,1,Direct content match with email_importance.csv seed record
EXCL_00469,allen-p/discussion_threads/94.,allen-p,discussion_threads,"Tue, 8 Aug 2000 09:31:00 -0700 (PDT)",phillip.allen@enron.com,Your Approval is Overdue: Access Request for paul.t.lucci@enron.com,d517427ee1b718328b1dbdf0356919a4929176b03b2b6d03692ba1acc93df977,175,1,Direct content match with email_importance.csv seed record
EXCL_00470,allen-p/discussion_threads/95.,allen-p,discussion_threads,"Wed, 9 Aug 2000 06:28:00 -0700 (PDT)",phillip.allen@enron.com,,6064218f4ace33746d07b5a103eb2a9321cfa8bacacf2cf3fbf3ef704bdde1e3,174,1,Direct content match with email_importance.csv seed record
EXCL_00471,allen-p/discussion_threads/96.,allen-p,discussion_threads,"Wed, 9 Aug 2000 07:12:00 -0700 (PDT)",phillip.allen@enron.com,TRANSPORTATION MODEL,33cc8e95001726ff07907dc535bdd557ecffb8686164548880081d4918ac9ad5,172,1,Direct content match with email_importance.csv seed record
EXCL_00472,allen-p/discussion_threads/98.,allen-p,discussion_threads,"Thu, 10 Aug 2000 05:36:00 -0700 (PDT)",phillip.allen@enron.com,tv on 33,29f3d3ad7b59f40804f4ea32d8cd1f47e141719627e5936f200750959924a9bd,170,0,Direct content match with email_importance.csv seed record
EXCL_00473,allen-p/discussion_threads/99.,allen-p,discussion_threads,"Tue, 15 Aug 2000 05:37:00 -0700 (PDT)",phillip.allen@enron.com,,85e1370345177d2b3ecdf96108ad7af6c90d45a0cb292406de4fbc1d8fb31c49,167,1,Direct content match with email_importance.csv seed record
EXCL_00474,allen-p/sent_items/37.,allen-p,sent_items,"Mon, 14 May 2001 13:39:00 -0700 (PDT)",phillip.allen@enron.com,Re: 2- SURVEY/INFORMATION EMAIL 5-14- 01,0d4bee6c28dbf4c6d8801700c4c7dd3178daf826dec95feb4d482585a2cf83aa,180,1,Direct content match with email_importance.csv seed record
EXCL_00475,allen-p/sent_items/45.,allen-p,sent_items,"Fri, 4 May 2001 13:51:00 -0700 (PDT)",phillip.allen@enron.com,Re:,cd4b2d43f9436fb0652c778ac4a576dff7fab4c4282e213bdce46990d79b072c,65,0,Direct content match with email_importance.csv seed record
EXCL_00476,allen-p/sent_items/46.,allen-p,sent_items,"Fri, 4 May 2001 11:26:00 -0700 (PDT)",phillip.allen@enron.com,,7b6d130ea2c5bb29b012e06715c941a9dacc92b3b639cc58cf8130aa8df0feb1,81,1,Direct content match with email_importance.csv seed record
EXCL_00477,allen-p/sent_items/47.,allen-p,sent_items,"Thu, 3 May 2001 15:57:00 -0700 (PDT)",phillip.allen@enron.com,,7aa3db3b710c7afefe190215ae29c090f7f2d5468dd0705af7d09676ff0a6cb5,92,1,Direct content match with email_importance.csv seed record
EXCL_00478,allen-p/sent_items/48.,allen-p,sent_items,"Wed, 2 May 2001 12:36:00 -0700 (PDT)",phillip.allen@enron.com,,6dfcb9eb32452b63cbe065562cb170f8a9192f8cb66b0879b3cdb3e7cadb7b1d,103,1,Direct content match with email_importance.csv seed record
EXCL_00479,allen-p/sent_items/49.,allen-p,sent_items,"Wed, 2 May 2001 10:27:00 -0700 (PDT)",phillip.allen@enron.com,Re: 2- SURVEY - PHILLIP ALLEN,c1f4df7364a96da54d8a21d35b997de68fc035ecc1b3b90a8c164f10d8b2af73,114,0,Direct content match with email_importance.csv seed record
EXCL_00480,allen-p/sent_items/50.,allen-p,sent_items,"Tue, 1 May 2001 17:14:00 -0700 (PDT)",phillip.allen@enron.com,4-URGENT - OWA Please print this now.,bb2505f667112c1d22c3ec55321847e1d91b1f446e445735ded68e9feeaaa641,125,0,Direct content match with email_importance.csv seed record
EXCL_00481,allen-p/sent_items/51.,allen-p,sent_items,"Tue, 1 May 2001 17:14:00 -0700 (PDT)",phillip.allen@enron.com,2- SURVEY/INFORMATION EMAIL,5910fb7741c906d379090c6d1efae61f417a33246841b8dbb2a02400c805f51c,136,0,Direct content match with email_importance.csv seed record
EXCL_00482,allen-p/sent_items/52.,allen-p,sent_items,"Mon, 30 Apr 2001 19:04:00 -0700 (PDT)",phillip.allen@enron.com,Re: Request from Steve Kean,d3b0d8799ad3e7b667d1a946d12c792b894ce10e4cb436c987716793dd102c39,147,0,Direct content match with email_importance.csv seed record
EXCL_00483,allen-p/sent_items/53.,allen-p,sent_items,"Mon, 30 Apr 2001 14:22:00 -0700 (PDT)",phillip.allen@enron.com,Request from Steve Kean,45d9f6766e715a82a169784ec4b34784f627f5ed5b5e7774c298302a1fd0f36b,158,0,Direct content match with email_importance.csv seed record
EXCL_00484,allen-p/sent_items/54.,allen-p,sent_items,"Mon, 30 Apr 2001 13:37:00 -0700 (PDT)",phillip.allen@enron.com,Request from Steve Kean,f928bcbcc0f624b12ccef3080cca0d26ab7841be32a7dd2cb758daf421ecf96f,169,1,Direct content match with email_importance.csv seed record
EXCL_00485,allen-p/sent_items/55.,allen-p,sent_items,"Fri, 27 Apr 2001 13:37:00 -0700 (PDT)",phillip.allen@enron.com,Re: Analyst Resume - Rafael Avila,62e335a10fcd49b124b9e6af5bf44cfe3e70eee76be7ac14a4e2dea89bc18939,181,1,Direct content match with email_importance.csv seed record
EXCL_00486,allen-p/sent_items/57.,allen-p,sent_items,"Thu, 26 Apr 2001 17:01:00 -0700 (PDT)",phillip.allen@enron.com,Re: Leander etc.,276318b6cd0ab2e4e81966b206357133ef69203395540943a60394eb8dbf75ad,203,1,Direct content match with email_importance.csv seed record
EXCL_00487,allen-p/sent_items/58.,allen-p,sent_items,"Thu, 26 Apr 2001 16:27:00 -0700 (PDT)",phillip.allen@enron.com,Re:,81539c9166f138973bce10ee9acf71da6e6d6257e5427fa3a0d3ffeb89492b85,214,1,Direct content match with email_importance.csv seed record
EXCL_00488,allen-p/sent_items/61.,allen-p,sent_items,"Wed, 25 Apr 2001 16:52:00 -0700 (PDT)",phillip.allen@enron.com,Re: This morning's Commission meeting delayed,f999688ad94ce4970aed362fe0c09bfc88a3e9402c3a850bd4964ac3571cf4a0,247,1,Direct content match with email_importance.csv seed record
EXCL_00489,allen-p/sent/100.,allen-p,sent,"Wed, 6 Sep 2000 08:54:00 -0700 (PDT)",phillip.allen@enron.com,utilities roll,8161c863780f41637bcbd6421e4d59dcbc1539d954b78bb35c4532f6a16ab977,122,0,Direct content match with email_importance.csv seed record
EXCL_00490,allen-p/sent/101.,allen-p,sent,"Wed, 6 Sep 2000 07:02:00 -0700 (PDT)",phillip.allen@enron.com,TIME SENSITIVE: Executive Impact & Influence Program Survey,fe2583bd9d13724fce8ed427b6891c3438862c8d86e80fc940aa4b7a22b57ac3,123,1,Direct content match with email_importance.csv seed record
EXCL_00491,allen-p/sent/102.,allen-p,sent,"Wed, 6 Sep 2000 07:00:00 -0700 (PDT)",phillip.allen@enron.com,,021fe5309bd6c5de1a8daf06975d7d681311d2dc636cc51e0ffb45609e6a6d0b,124,1,Direct content match with email_importance.csv seed record
EXCL_00492,allen-p/sent/103.,allen-p,sent,"Wed, 6 Sep 2000 06:04:00 -0700 (PDT)",phillip.allen@enron.com,,c954504ad1b363abf3ed57a9d56fd30a8d91df660f27722c91e23deffa30e261,126,1,Direct content match with email_importance.csv seed record
EXCL_00493,allen-p/sent/104.,allen-p,sent,"Wed, 6 Sep 2000 04:46:00 -0700 (PDT)",phillip.allen@enron.com,Wow,6f923dd704d6721df5b0979b50350608237fa6de79b3848ee38c67a822b710c7,127,0,Direct content match with email_importance.csv seed record
EXCL_00494,allen-p/sent/105.,allen-p,sent,"Wed, 6 Sep 2000 03:46:00 -0700 (PDT)",phillip.allen@enron.com,Re:,7b3ef69413e82b4d011a6e7d8e60fe3b1bb136138f1847ea5eb91fb6c626543e,128,1,Direct content match with email_importance.csv seed record
EXCL_00495,allen-p/sent/106.,allen-p,sent,"Tue, 5 Sep 2000 23:22:00 -0700 (PDT)",phillip.allen@enron.com,Re:,da7feb7280e2025c4f1d3b73295f29e31f1f4114570c2d7ec62cc009d43819d5,129,0,Direct content match with email_importance.csv seed record
EXCL_00496,allen-p/sent/108.,allen-p,sent,"Tue, 5 Sep 2000 06:30:00 -0700 (PDT)",phillip.allen@enron.com,,d2473eea43973973e10a561219a121cdb1e81628e7a7a9aff73176b908fe8b9a,131,1,Direct content match with email_importance.csv seed record
EXCL_00497,allen-p/sent/109.,allen-p,sent,"Fri, 1 Sep 2000 06:08:00 -0700 (PDT)",phillip.allen@enron.com,FYI,2faaa76f2e5173c0b6c3c3146c80d5428408ef83b8deb98d1b062f59d16c58d6,132,0,Direct content match with email_importance.csv seed record
EXCL_00498,allen-p/sent/110.,allen-p,sent,"Thu, 31 Aug 2000 07:36:00 -0700 (PDT)",phillip.allen@enron.com,Re: Western Gas Market Report -- Draft,c1c7a3e19a6dbdb68b62ffd29b990ca2fd48ed05d6a233c667f140df9beb97cc,133,0,Direct content match with email_importance.csv seed record
EXCL_00499,allen-p/sent/111.,allen-p,sent,"Thu, 31 Aug 2000 06:54:00 -0700 (PDT)",phillip.allen@enron.com,,d036fb9e7c80dac161718c64c46f92d03e1e4dfef87ef07c62dc04c6746e6773,134,1,Direct content match with email_importance.csv seed record
EXCL_00500,allen-p/sent/113.,allen-p,sent,"Thu, 31 Aug 2000 05:02:00 -0700 (PDT)",phillip.allen@enron.com,,1726828f894839354fc2be4573165e8660ec087b3975acfb33b9b649244bc84c,137,0,Direct content match with email_importance.csv seed record
EXCL_00501,allen-p/sent/114.,allen-p,sent,"Thu, 31 Aug 2000 03:17:00 -0700 (PDT)",phillip.allen@enron.com,,5d26cd8211ead30e04432dfbb9a011e2247ec2e8c44a88e43d0726714f60fa64,138,0,Direct content match with email_importance.csv seed record
EXCL_00502,allen-p/sent/115.,allen-p,sent,"Wed, 30 Aug 2000 08:14:00 -0700 (PDT)",phillip.allen@enron.com,Re: (No Subject),b76c8c378e5d148af3da1a3da4b61abae721f404ceba12f5ac5a6759afa041a0,139,0,Direct content match with email_importance.csv seed record
EXCL_00503,allen-p/sent/116.,allen-p,sent,"Wed, 30 Aug 2000 06:20:00 -0700 (PDT)",phillip.allen@enron.com,Re: Security Request: CLOG-4NNJEZ has been Denied.,441f829bd8a7b7a7ade571c142cff90a2fcdc265f87f99c0116e72da032af2d9,140,1,Direct content match with email_importance.csv seed record
EXCL_00504,allen-p/sent/117.,allen-p,sent,"Tue, 29 Aug 2000 09:20:00 -0700 (PDT)",phillip.allen@enron.com,,4f7c01d395d01fb52334a350b9ed32bb3467df2f97958601f19535cb99b97e74,141,0,Direct content match with email_importance.csv seed record
EXCL_00505,allen-p/sent/118.,allen-p,sent,"Tue, 29 Aug 2000 05:38:00 -0700 (PDT)",phillip.allen@enron.com,,b9e05eb5d4761fb5c14e5e3b58eae8e86b3bc14663bd50cf725cc9d565a918b9,142,1,Direct content match with email_importance.csv seed record
EXCL_00506,allen-p/sent/119.,allen-p,sent,"Mon, 28 Aug 2000 09:30:00 -0700 (PDT)",phillip.allen@enron.com,,f1d6565cee4872d40746f3ce4a5192cb8cc2f4c24c725f87871e2e6430f91a93,143,0,Direct content match with email_importance.csv seed record
EXCL_00507,allen-p/sent/120.,allen-p,sent,"Mon, 28 Aug 2000 06:40:00 -0700 (PDT)",phillip.allen@enron.com,New Generation,c1d3c40e8c800990c657e3c6bc7cff1cc059113e7062256e6571c8405f8af460,144,0,Direct content match with email_importance.csv seed record
EXCL_00508,allen-p/sent/121.,allen-p,sent,"Mon, 28 Aug 2000 06:12:00 -0700 (PDT)",phillip.allen@enron.com,,d89ae9411075cf1ec18f7a58466c19c4cfba80101f715327bb5493b3b6a0d11b,145,1,Direct content match with email_importance.csv seed record
EXCL_00509,allen-p/sent/122.,allen-p,sent,"Mon, 28 Aug 2000 06:07:00 -0700 (PDT)",phillip.allen@enron.com,,04df8bccd629380a9ea863cd3617c731cd994a00ba034add2e6cee3a8b5b0233,146,1,Direct content match with email_importance.csv seed record
EXCL_00510,allen-p/sent/123.,allen-p,sent,"Fri, 25 Aug 2000 06:32:00 -0700 (PDT)",phillip.allen@enron.com,Re: Meeting to discuss 2001 direct expense plan?,f5e1c3cc6949ed3b95ff3f7e190407b72deb4845cebbcaaf596970ece541c700,148,1,Direct content match with email_importance.csv seed record
EXCL_00511,allen-p/sent/124.,allen-p,sent,"Fri, 25 Aug 2000 04:03:00 -0700 (PDT)",phillip.allen@enron.com,Re: regulatory filing summary,f65fa89ca5a38677927db789630e890e050b9ddf1de7b4d75619b1fcdaec2e6e,149,1,Direct content match with email_importance.csv seed record
EXCL_00512,allen-p/sent/126.,allen-p,sent,"Fri, 25 Aug 2000 01:58:00 -0700 (PDT)",phillip.allen@enron.com,Re: Evaluation for new trading application,364b32085bea887bf40e16e9ca27991ff12606762e96b16ceb20a6996e846796,151,1,Direct content match with email_importance.csv seed record
EXCL_00513,allen-p/sent/127.,allen-p,sent,"Fri, 25 Aug 2000 01:47:00 -0700 (PDT)",phillip.allen@enron.com,,a3969e4ab6b8ffd721cb73a276b78398cfc1b4f12f8b07fd63d94ab9da16bddb,152,0,Direct content match with email_importance.csv seed record
EXCL_00514,allen-p/sent/128.,allen-p,sent,"Thu, 24 Aug 2000 02:48:00 -0700 (PDT)",phillip.allen@enron.com,Re: receipts,50e7791bccfe0834e59dab8928c010ba9bb2dd52deb582ddf2b958cb5cbf0622,153,0,Direct content match with email_importance.csv seed record
EXCL_00515,allen-p/sent/129.,allen-p,sent,"Wed, 23 Aug 2000 08:23:00 -0700 (PDT)",phillip.allen@enron.com,Re: ENA Fileplan Project - Needs your approval,69d0f132f8c374f801f6fb5be5a003d83985b6f219f7273565b307adfd8e94ab,154,1,Direct content match with email_importance.csv seed record
EXCL_00516,allen-p/sent/130.,allen-p,sent,"Wed, 23 Aug 2000 07:09:00 -0700 (PDT)",phillip.allen@enron.com,Re: checkbook and budget,01c7f6ef8675a5eb7266436cb620d085724a75af5068086759e3c3d8832f3b22,155,1,Direct content match with email_importance.csv seed record
EXCL_00517,allen-p/sent/131.,allen-p,sent,"Wed, 23 Aug 2000 04:25:00 -0700 (PDT)",phillip.allen@enron.com,,bc7c3ed79f6274e1bd6943457bb9d0364630915776295f48ee2744a72826d78c,156,1,Direct content match with email_importance.csv seed record
EXCL_00518,allen-p/sent/132.,allen-p,sent,"Tue, 22 Aug 2000 08:22:00 -0700 (PDT)",phillip.allen@enron.com,,eae8832bd997c70319896b96e0540e298c0e77964a1e89672e4c012301b695d2,157,1,Direct content match with email_importance.csv seed record
EXCL_00519,allen-p/sent/133.,allen-p,sent,"Mon, 21 Aug 2000 09:40:00 -0700 (PDT)",phillip.allen@enron.com,,5c6f5e0f2535562fe826ff0d3b8e36725f21c014a60f8b2067e0c14a9535e06a,159,0,Direct content match with email_importance.csv seed record
EXCL_00520,allen-p/sent/134.,allen-p,sent,"Sun, 20 Aug 2000 10:39:00 -0700 (PDT)",phillip.allen@enron.com,Daily Duties,e8359185e9e68b36ffc3bc06b2436ebf6342a954bc173a4dc1bb4085ca9eee51,160,0,Direct content match with email_importance.csv seed record
EXCL_00521,allen-p/sent/135.,allen-p,sent,"Sun, 20 Aug 2000 10:39:00 -0700 (PDT)",phillip.allen@enron.com,Daily Report,a1c08a55c271e146419b0d67be7c7a510b447006d66cca1a2472b2436029e658,161,0,Direct content match with email_importance.csv seed record
EXCL_00522,allen-p/sent/136.,allen-p,sent,"Sun, 20 Aug 2000 10:38:00 -0700 (PDT)",phillip.allen@enron.com,Daily Report,c6f4452c847b90a861fb1f11e435b509b369cca9821b577a87999402b9f11c96,162,0,Direct content match with email_importance.csv seed record
EXCL_00523,allen-p/sent/137.,allen-p,sent,"Thu, 17 Aug 2000 08:53:00 -0700 (PDT)",phillip.allen@enron.com,Re: enron close to 85,7615fdab5751e8618eaed1d947e530b5122886942290399c291254dfe875017b,163,1,Direct content match with email_importance.csv seed record
EXCL_00524,allen-p/sent/138.,allen-p,sent,"Wed, 16 Aug 2000 05:35:00 -0700 (PDT)",phillip.allen@enron.com,Re:,4a5a8ebcca8ac11095e6455282174469a4f5806e3c94439f4acd5468d5c47b3c,164,0,Direct content match with email_importance.csv seed record
EXCL_00525,allen-p/sent/139.,allen-p,sent,"Wed, 16 Aug 2000 03:59:00 -0700 (PDT)",phillip.allen@enron.com,ENA Management Committee,d610118307993a4ef89c3fbbccbe9c1db03ae98f9b22b0c3bfe71a3be9a3696b,165,1,Direct content match with email_importance.csv seed record
EXCL_00526,allen-p/sent/140.,allen-p,sent,"Wed, 16 Aug 2000 03:57:00 -0700 (PDT)",phillip.allen@enron.com,Re:,0a4942db1cefe93729e34cd8a34ad21eab6886d52d173ad8ef0d62dfa281184d,166,0,Direct content match with email_importance.csv seed record
EXCL_00527,allen-p/sent/141.,allen-p,sent,"Tue, 15 Aug 2000 05:37:00 -0700 (PDT)",phillip.allen@enron.com,,85e1370345177d2b3ecdf96108ad7af6c90d45a0cb292406de4fbc1d8fb31c49,167,1,Direct content match with email_importance.csv seed record
EXCL_00528,allen-p/sent/142.,allen-p,sent,"Thu, 10 Aug 2000 15:02:00 -0700 (PDT)",phillip.allen@enron.com,Re: Your approval is requested,7afb950ef70f351df40d8a40c973baae899f114a6d921090fcb1aa08e259c1b8,168,1,Direct content match with email_importance.csv seed record
EXCL_00529,allen-p/sent/143.,allen-p,sent,"Thu, 10 Aug 2000 05:36:00 -0700 (PDT)",phillip.allen@enron.com,tv on 33,29f3d3ad7b59f40804f4ea32d8cd1f47e141719627e5936f200750959924a9bd,170,0,Direct content match with email_importance.csv seed record
EXCL_00530,allen-p/sent/144.,allen-p,sent,"Thu, 10 Aug 2000 01:52:00 -0700 (PDT)",phillip.allen@enron.com,Re: Ad Hoc VaR model,09fcf503232417ae5a92b08e13e7684b533209362ce6ea5116785e6d4afc16da,171,0,Direct content match with email_importance.csv seed record
EXCL_00531,allen-p/sent/145.,allen-p,sent,"Wed, 9 Aug 2000 07:12:00 -0700 (PDT)",phillip.allen@enron.com,TRANSPORTATION MODEL,33cc8e95001726ff07907dc535bdd557ecffb8686164548880081d4918ac9ad5,172,1,Direct content match with email_importance.csv seed record
EXCL_00532,allen-p/sent/146.,allen-p,sent,"Wed, 9 Aug 2000 07:11:00 -0700 (PDT)",phillip.allen@enron.com,Re: TRANSPORTATION MODEL,a44f5b6092ec6d02648cfa13cc181d7ddc2cd1417378cc7dddf9f1719bc78331,173,0,Direct content match with email_importance.csv seed record
EXCL_00533,allen-p/sent/147.,allen-p,sent,"Wed, 9 Aug 2000 06:28:00 -0700 (PDT)",phillip.allen@enron.com,,6064218f4ace33746d07b5a103eb2a9321cfa8bacacf2cf3fbf3ef704bdde1e3,174,1,Direct content match with email_importance.csv seed record
EXCL_00534,allen-p/sent/148.,allen-p,sent,"Tue, 8 Aug 2000 09:31:00 -0700 (PDT)",phillip.allen@enron.com,Your Approval is Overdue: Access Request for paul.t.lucci@enron.com,d517427ee1b718328b1dbdf0356919a4929176b03b2b6d03692ba1acc93df977,175,1,Direct content match with email_importance.csv seed record
EXCL_00535,allen-p/sent/149.,allen-p,sent,"Tue, 8 Aug 2000 09:30:00 -0700 (PDT)",phillip.allen@enron.com,Request Submitted: Access Request for frank.ermis@enron.com,2dea885555439134a36ccf8acffb54283adf0cd96f0c563d26d2578891613f4e,176,1,Direct content match with email_importance.csv seed record
EXCL_00536,allen-p/sent/150.,allen-p,sent,"Tue, 8 Aug 2000 09:27:00 -0700 (PDT)",phillip.allen@enron.com,Re: trading opportunities,b03e0ea69287ee6fb262dd9f803186857edce5d0b114ca055889df79c7a21d41,177,0,Direct content match with email_importance.csv seed record
EXCL_00537,allen-p/sent/151.,allen-p,sent,"Mon, 7 Aug 2000 05:43:00 -0700 (PDT)",phillip.allen@enron.com,New Socal Curves,523f176c44f9769891171542f50dadacae89ab3f00f2061f782012f298f7d6a5,178,0,Direct content match with email_importance.csv seed record
EXCL_00538,allen-p/sent/152.,allen-p,sent,"Mon, 7 Aug 2000 02:14:00 -0700 (PDT)",phillip.allen@enron.com,Re: Report on Property,6577b35bd52e4de959e646bd18107a150ac56eac1673de6b162d5405dc886802,179,1,Direct content match with email_importance.csv seed record
EXCL_00539,allen-p/sent/153.,allen-p,sent,"Mon, 7 Aug 2000 00:06:00 -0700 (PDT)",phillip.allen@enron.com,Gas fundamentals development website,de689a10e5d38695e36f1ae81d8eaeeddf20b2ebbe4c71241f60e28df3d4d4ef,182,1,Direct content match with email_importance.csv seed record
EXCL_00540,allen-p/sent/154.,allen-p,sent,"Sat, 5 Aug 2000 09:38:00 -0700 (PDT)",phillip.allen@enron.com,,c2e86fa7b20a15e6b3c2f1ca7f66667d7859668f157dd144f894ca3786272a0a,183,0,Direct content match with email_importance.csv seed record
EXCL_00541,allen-p/sent/155.,allen-p,sent,"Fri, 4 Aug 2000 07:00:00 -0700 (PDT)",phillip.allen@enron.com,,38ba53ec96e8f4b3d6ccdc33be855bf2595e0b5a970fb915eba2dca0e7cfe64d,184,1,Direct content match with email_importance.csv seed record
EXCL_00542,allen-p/sent/156.,allen-p,sent,"Fri, 4 Aug 2000 05:43:00 -0700 (PDT)",phillip.allen@enron.com,,c108c22001976a381a3a1c3818232aba404d928f1a5fb9f07acb0d35fa2bf8f6,185,1,Direct content match with email_importance.csv seed record
EXCL_00543,allen-p/sent/157.,allen-p,sent,"Thu, 3 Aug 2000 00:12:00 -0700 (PDT)",phillip.allen@enron.com,Re: Electric Overage (1824.62),2eceb40997461ed3c5e31c7e57742db3ae78cb723a03342fc4b6b8ace1bc0e9d,186,1,Direct content match with email_importance.csv seed record
EXCL_00544,allen-p/sent/158.,allen-p,sent,"Wed, 26 Jul 2000 03:56:00 -0700 (PDT)",phillip.allen@enron.com,New Generation Update 7/24/00,38e5f28e097e879d933dd9ac6472c0b83e1209479cfb4c8eea1ae20a7471ce07,187,0,Direct content match with email_importance.csv seed record
EXCL_00545,allen-p/sent/159.,allen-p,sent,"Wed, 26 Jul 2000 03:46:00 -0700 (PDT)",phillip.allen@enron.com,Re: New Notice from Transwestern Pipeline Co.,3e25507d67d6c24048ecf7402edc23b325576878aa1bf5b7ccf202bbdcbd6ba8,188,1,Direct content match with email_importance.csv seed record
EXCL_00546,allen-p/sent/160.,allen-p,sent,"Wed, 26 Jul 2000 03:44:00 -0700 (PDT)",phillip.allen@enron.com,Price for Stanfield Term,558a34e8b6b7a58f91f7727f82ae45f3078479b31f496a44ba9837de427daaba,189,1,Direct content match with email_importance.csv seed record
EXCL_00547,allen-p/sent/161.,allen-p,sent,"Tue, 25 Jul 2000 10:08:00 -0700 (PDT)",phillip.allen@enron.com,For Wade,52277cab394b5efd9120aad857a75113788ff2942427b128041bd17aee71ad96,190,1,Direct content match with email_importance.csv seed record
EXCL_00548,allen-p/sent/162.,allen-p,sent,"Mon, 24 Jul 2000 03:15:00 -0700 (PDT)",phillip.allen@enron.com,Re: your address,27017090bde0ec987100dbc0fd6430ec73041ba07e9a5c503b13c8c85c9acf26,191,1,Direct content match with email_importance.csv seed record
EXCL_00549,allen-p/sent/163.,allen-p,sent,"Thu, 20 Jul 2000 09:59:00 -0700 (PDT)",phillip.allen@enron.com,,b5652189bdc296e79b1c3e0a6ff0fb9471df92c9c265e8c9ec1ccc813acd10fb,193,0,Direct content match with email_importance.csv seed record
EXCL_00550,allen-p/sent/164.,allen-p,sent,"Wed, 19 Jul 2000 03:39:00 -0700 (PDT)",phillip.allen@enron.com,Interactive Information Resource,77fcf2f8081f9676f366ad8b4aefeb3077442e211e998ba47672a2e070781d0d,194,0,Direct content match with email_importance.csv seed record
EXCL_00551,allen-p/sent/165.,allen-p,sent,"Tue, 18 Jul 2000 02:38:00 -0700 (PDT)",phillip.allen@enron.com,Re: lunch,0caa296e7b4aef84aa6aec4fd975630ed07ed41391dc6050ec4017fc5cf2e997,195,1,Direct content match with email_importance.csv seed record
EXCL_00552,allen-p/sent/166.,allen-p,sent,"Mon, 17 Jul 2000 03:46:00 -0700 (PDT)",phillip.allen@enron.com,Comments on Order 637 Compliance Filings,77731bf966d1833c56a63f32e29a22a1cdd1ba18f5b571562f6907e8f3e706ec,196,1,Direct content match with email_importance.csv seed record
EXCL_00553,allen-p/sent/167.,allen-p,sent,"Fri, 14 Jul 2000 07:01:00 -0700 (PDT)",phillip.allen@enron.com,El Paso Blanco Avg product,b914797b21d2700cd7d10e14a528486a048619932c22db73d52373a77400a5c4,197,1,Direct content match with email_importance.csv seed record
EXCL_00554,allen-p/sent/168.,allen-p,sent,"Fri, 14 Jul 2000 06:51:00 -0700 (PDT)",phillip.allen@enron.com,Re: 65th BD for Nea,dcabf3a8ac7ad92cbaa855b2cb1aea4f88b9252446b3655c972cab29d8348772,198,1,Direct content match with email_importance.csv seed record
EXCL_00555,allen-p/sent/169.,allen-p,sent,"Thu, 13 Jul 2000 03:24:00 -0700 (PDT)",phillip.allen@enron.com,Project Elvis and Cactus Open Gas Position,dc49859cde78b8b7e806cd3328772de1dfcd1ddebb4f93e001bd9de64d4f159a,199,1,Direct content match with email_importance.csv seed record
EXCL_00556,allen-p/sent/170.,allen-p,sent,"Wed, 12 Jul 2000 07:19:00 -0700 (PDT)",phillip.allen@enron.com,assoc. for west desk,914b28a1785b4612a77e08434cc39691d300d4f3ec048ac9325e1f090ee2c723,200,1,Direct content match with email_importance.csv seed record
EXCL_00557,allen-p/sent/171.,allen-p,sent,"Tue, 11 Jul 2000 09:59:00 -0700 (PDT)",phillip.allen@enron.com,,9e6338ec46b629d8d623fd0d949892ab7302c7d499d4473e6c20b7339cfcbeae,201,0,Direct content match with email_importance.csv seed record
EXCL_00558,allen-p/sent/172.,allen-p,sent,"Tue, 11 Jul 2000 09:24:00 -0700 (PDT)",phillip.allen@enron.com,Systems Meeting 7/18,138b2e19f5056b5137daefee69e73c9f24652a7859535e56643b81d711d49155,202,1,Direct content match with email_importance.csv seed record
EXCL_00559,allen-p/sent/173.,allen-p,sent,"Tue, 11 Jul 2000 05:54:00 -0700 (PDT)",phillip.allen@enron.com,assoc. for west desk,33afd9e3ee632c17fe7a3b9f976efdbe9278188ca109872aadb03fd4b0570d20,204,1,Direct content match with email_importance.csv seed record
EXCL_00560,allen-p/sent/174.,allen-p,sent,"Tue, 11 Jul 2000 02:50:00 -0700 (PDT)",phillip.allen@enron.com,Re: Katy flatlands,c6ef8db9501d3baf7d820003882f794fb332d962c68e336cc494edb78960850c,205,1,Direct content match with email_importance.csv seed record
EXCL_00561,allen-p/sent/175.,allen-p,sent,"Tue, 11 Jul 2000 02:12:00 -0700 (PDT)",phillip.allen@enron.com,Re: New Notice from Transwestern Pipeline Co.,950cc4a2267b8686072a96aa92d17e6cfe70897f523d3fb82fccdd3c447e4eb8,206,1,Direct content match with email_importance.csv seed record
EXCL_00562,allen-p/sent/176.,allen-p,sent,"Mon, 10 Jul 2000 23:26:00 -0700 (PDT)",phillip.allen@enron.com,test,393803938b77281405df9930a820b4ac84db70ea1bb359f3e20f7268c47b2466,207,0,Direct content match with email_importance.csv seed record
EXCL_00563,allen-p/sent/177.,allen-p,sent,"Mon, 10 Jul 2000 23:12:00 -0700 (PDT)",phillip.allen@enron.com,System Meeting 7/11,21a5233d89fcdd94d18387900684a111d73b071b217ede314e24bb71af3cc0d9,208,1,Direct content match with email_importance.csv seed record
EXCL_00564,allen-p/sent/178.,allen-p,sent,"Mon, 10 Jul 2000 09:47:00 -0700 (PDT)",phillip.allen@enron.com,Natural Gas Customers,321ccea171837620d44a6fb284bb3921e7d66f965a9a8f54d1c7927102fa68b5,209,1,Direct content match with email_importance.csv seed record
EXCL_00565,allen-p/sent/179.,allen-p,sent,"Mon, 10 Jul 2000 06:56:00 -0700 (PDT)",phillip.allen@enron.com,Re: EXECUTIVE IMPACT COURSE,c719b1517d4e3fb1b337bd41aae40796612d82a899ed31cca8d24faaeb1d69b8,210,1,Direct content match with email_importance.csv seed record
EXCL_00566,allen-p/sent/180.,allen-p,sent,"Mon, 10 Jul 2000 06:54:00 -0700 (PDT)",phillip.allen@enron.com,Re: Katy flatlands,40d68518e2653d149f4bd7f2975896df23d4bfb3182b2c5d415c5f33866f99bc,211,1,Direct content match with email_importance.csv seed record
EXCL_00567,allen-p/sent/181.,allen-p,sent,"Fri, 7 Jul 2000 09:41:00 -0700 (PDT)",phillip.allen@enron.com,,5f0a1a8640e3329bce742a6c70d0cf560e77d1765689d9c4fbca6515f69fdad7,212,1,Direct content match with email_importance.csv seed record
EXCL_00568,allen-p/sent/182.,allen-p,sent,"Fri, 7 Jul 2000 09:39:00 -0700 (PDT)",phillip.allen@enron.com,Re: Brenda Stones telephone numbers,3060a367801c31bc87f534b917076d7036633078da76cd79c75e9a047fff05f9,213,1,Direct content match with email_importance.csv seed record
EXCL_00569,allen-p/sent/183.,allen-p,sent,"Fri, 7 Jul 2000 06:56:00 -0700 (PDT)",phillip.allen@enron.com,Re: market intelligence,7c8f6936f0355c677cf91135a3cf16dacee4be5d17279be863236624dbb44e58,215,0,Direct content match with email_importance.csv seed record
EXCL_00570,allen-p/sent/184.,allen-p,sent,"Fri, 7 Jul 2000 06:41:00 -0700 (PDT)",phillip.allen@enron.com,Re: Memory,a14cd1e0b78198b3353b4e7446991c3ded600a31a3384b4b7a9839cfc474a617,216,1,Direct content match with email_importance.csv seed record
EXCL_00571,allen-p/sent/185.,allen-p,sent,"Thu, 6 Jul 2000 09:38:00 -0700 (PDT)",phillip.allen@enron.com,Re: Thoughts on Presentation,18b10ace5c5905644474f02e7b8af1c3a9500c4fb5fd8cc07234fe60c50fd26c,217,1,Direct content match with email_importance.csv seed record
EXCL_00572,allen-p/sent/186.,allen-p,sent,"Thu, 6 Jul 2000 08:45:00 -0700 (PDT)",phillip.allen@enron.com,Executive Impact and Influence Course,80c8ec3487e2ad81c6aa5e9778bbbb54218ee575cac9b8968a564ee4e318b39f,218,1,Direct content match with email_importance.csv seed record
EXCL_00573,allen-p/sent/187.,allen-p,sent,"Fri, 30 Jun 2000 07:31:00 -0700 (PDT)",phillip.allen@enron.com,Re: Notices,bbf56b26d348ff1f5166471d21adb28136c82fa66bd1dc7fab65fa5398a7b5f7,219,1,Direct content match with email_importance.csv seed record
EXCL_00574,allen-p/sent/188.,allen-p,sent,"Fri, 30 Jun 2000 05:54:00 -0700 (PDT)",phillip.allen@enron.com,(Reminder) Update GIS Information,de304f91e3d8a508c1e2daec863f9c93627121b2753a58d977592d1a5c489f3c,220,1,Direct content match with email_importance.csv seed record
EXCL_00575,allen-p/sent/189.,allen-p,sent,"Tue, 27 Jun 2000 09:40:00 -0700 (PDT)",phillip.allen@enron.com,West Power Strategy Materials,438fd2a210868b6470b9c2520a23e0b8f0e8ad901cae8ac6ea473cd449aeae5d,221,1,Direct content match with email_importance.csv seed record
EXCL_00576,allen-p/sent/190.,allen-p,sent,"Tue, 27 Jun 2000 05:33:00 -0700 (PDT)",phillip.allen@enron.com,gas storage model,899ce6142a29eb61a25e1389c665f62f7e3fdbb4c0e311eaf53ebbb1a202529b,222,1,Direct content match with email_importance.csv seed record
EXCL_00577,allen-p/sent/191.,allen-p,sent,"Mon, 26 Jun 2000 07:54:00 -0700 (PDT)",phillip.allen@enron.com,Re:,964fc79871d53f9e30b3a934f2c359562f5dca493d88d90042e6c5be02d1f11e,223,1,Direct content match with email_importance.csv seed record
EXCL_00578,allen-p/sent/192.,allen-p,sent,"Mon, 26 Jun 2000 07:13:00 -0700 (PDT)",phillip.allen@enron.com,Re:,4b43ae95c11f8f36fb9fa96ef1a2c5ebc1e087e0ad85e84b46a7d68ae0f65ec3,224,0,Direct content match with email_importance.csv seed record
EXCL_00579,allen-p/sent/193.,allen-p,sent,"Mon, 26 Jun 2000 06:57:00 -0700 (PDT)",phillip.allen@enron.com,Download Frogger before it hops away!,5bd7354d272f032d27cb1920a187b35ddccf7b144c7f371a7bb286165017ece9,226,0,Direct content match with email_importance.csv seed record
EXCL_00580,allen-p/sent/194.,allen-p,sent,"Fri, 23 Jun 2000 04:46:00 -0700 (PDT)",phillip.allen@enron.com,FT-Denver book on EOL,5dbba6213ff11d7b5f9dbb1a5438cf2373c0e2ff3874c7c9e893d28fe2f7570b,227,1,Direct content match with email_importance.csv seed record
EXCL_00581,allen-p/sent/195.,allen-p,sent,"Thu, 22 Jun 2000 00:26:00 -0700 (PDT)",phillip.allen@enron.com,Re: The New Power Company,1ea58d3d40e049decb9bd024cf9505c1c4fa7ed620ededd726b1d1f397d13578,228,1,Direct content match with email_importance.csv seed record
EXCL_00582,allen-p/sent/196.,allen-p,sent,"Tue, 13 Jun 2000 07:24:00 -0700 (PDT)",phillip.allen@enron.com,Re: Wade,29df7e4ff291e8f189c9419197550583286e0950a81661d7a576c463003d4951,229,1,Direct content match with email_importance.csv seed record
EXCL_00583,allen-p/sent/197.,allen-p,sent,"Tue, 13 Jun 2000 03:32:00 -0700 (PDT)",phillip.allen@enron.com,,5ac7df9d883e3a08db60674ced62e89e015d708fcdd4f21c16e54c72f46cfcca,230,0,Direct content match with email_importance.csv seed record
EXCL_00584,allen-p/sent/198.,allen-p,sent,"Mon, 12 Jun 2000 03:56:00 -0700 (PDT)",phillip.allen@enron.com,Thoughts on Presentation,b6a9127109eef7e7e8833839eb47c3716ac50b515765c6dfd551565d2d71f90c,231,1,Direct content match with email_importance.csv seed record
EXCL_00585,allen-p/sent/199.,allen-p,sent,"Thu, 8 Jun 2000 10:17:00 -0700 (PDT)",phillip.allen@enron.com,,2ed16091244f6e0a404c83424b20a7500b69c293bec462f3dcfb425808574abb,232,1,Direct content match with email_importance.csv seed record
EXCL_00586,allen-p/sent/200.,allen-p,sent,"Tue, 6 Jun 2000 05:27:00 -0700 (PDT)",phillip.allen@enron.com,,86ff8a3ef633a3f95032e203ae0df3349ceba4f4701ace51e9f38f3753e4d07a,233,1,Direct content match with email_importance.csv seed record
EXCL_00587,allen-p/sent/201.,allen-p,sent,"Tue, 6 Jun 2000 05:27:00 -0700 (PDT)",phillip.allen@enron.com,,9ef31824e9050fb84d9ce069ba04facc9f31a0eb428404f93cc7bec4716eb8cb,234,1,Direct content match with email_importance.csv seed record
EXCL_00588,allen-p/sent/202.,allen-p,sent,"Tue, 6 Jun 2000 05:26:00 -0700 (PDT)",phillip.allen@enron.com,,0eb1a7deed7b13b42f2db7441611b6d1cc1996d897389f424282c3d3286649e2,235,1,Direct content match with email_importance.csv seed record
EXCL_00589,allen-p/sent/203.,allen-p,sent,"Mon, 5 Jun 2000 04:59:00 -0700 (PDT)",phillip.allen@enron.com,Re: Compaq M700 laptop,18345edc5b9c5dd86fbdc85137bc9363c7758f09388407ed9a9eafe24cedca90,237,1,Direct content match with email_importance.csv seed record
EXCL_00590,allen-p/sent/204.,allen-p,sent,"Fri, 2 Jun 2000 08:37:00 -0700 (PDT)",phillip.allen@enron.com,,04042b2d669ddad7102a3b1d41509289f3a054a29438f7e637d31b4e49e6b755,238,1,Direct content match with email_importance.csv seed record
EXCL_00591,allen-p/sent/205.,allen-p,sent,"Fri, 2 Jun 2000 03:37:00 -0700 (PDT)",phillip.allen@enron.com,RE: 91 acres,34f61c6847fcd1b8992eaa6cde0e723f57f0801755796722a50ce3e158ba7ed5,239,1,Direct content match with email_importance.csv seed record
EXCL_00592,allen-p/sent/206.,allen-p,sent,"Wed, 31 May 2000 10:01:00 -0700 (PDT)",phillip.allen@enron.com,Re: What's happening?,a38e5c61d9776285a24916f4bf61978c4e817918a77332d70dcf225045c5b5e8,240,1,Direct content match with email_importance.csv seed record
EXCL_00593,allen-p/sent/207.,allen-p,sent,"Tue, 30 May 2000 06:32:00 -0700 (PDT)",phillip.allen@enron.com,Transport p&l,0d0841ac48638507fdad92afd48c3d6621fe5dd2f29c5eaac93a8cb3921ca579,241,1,Direct content match with email_importance.csv seed record
EXCL_00594,allen-p/sent/208.,allen-p,sent,"Fri, 26 May 2000 07:19:00 -0700 (PDT)",phillip.allen@enron.com,Re: balance on truck/loan,91593e63cf76376bed66ec9727a1ab8f9879118736b7021178dc511d7dd62e3a,242,1,Direct content match with email_importance.csv seed record
EXCL_00595,allen-p/sent/209.,allen-p,sent,"Fri, 26 May 2000 06:10:00 -0700 (PDT)",phillip.allen@enron.com,,3ed7f760f950699fce76524d8d1367c8bf73cbf40272ac005525859b616d207a,243,1,Direct content match with email_importance.csv seed record
EXCL_00596,allen-p/sent/210.,allen-p,sent,"Fri, 26 May 2000 00:08:00 -0700 (PDT)",phillip.allen@enron.com,Re: Todays update,e252223cf2cf023eb768c14577cda38707e781988d3e3c768d94213185e998cc,244,1,Direct content match with email_importance.csv seed record
EXCL_00597,allen-p/sent/211.,allen-p,sent,"Wed, 24 May 2000 09:00:00 -0700 (PDT)",phillip.allen@enron.com,,f74f74bfd071fe59000faa013eccfdfa5ea1a7e08153a8b030713d85544e8237,245,1,Direct content match with email_importance.csv seed record
EXCL_00598,allen-p/sent/212.,allen-p,sent,"Tue, 23 May 2000 07:32:00 -0700 (PDT)",phillip.allen@enron.com,,bd95d5a697b6895a28b7f0228cc28b9114b36267bc62d3eb2dacf8937b054341,246,1,Direct content match with email_importance.csv seed record
EXCL_00599,allen-p/sent/213.,allen-p,sent,"Mon, 22 May 2000 04:44:00 -0700 (PDT)",phillip.allen@enron.com,Gas Transportation Market Intelligence,e512320990fb7c67aa4ecd25635ea703d1a009749a7fdf52e0ceecf663d0dd48,248,0,Direct content match with email_importance.csv seed record
EXCL_00600,allen-p/sent/214.,allen-p,sent,"Fri, 19 May 2000 03:53:00 -0700 (PDT)",phillip.allen@enron.com,Re: 91 acres,b8e955ce8176aa2461124651ab803b938f578c20bc3301641094e931d4ff330b,249,1,Direct content match with email_importance.csv seed record
EXCL_00601,allen-p/sent/308.,allen-p,sent,"Fri, 4 May 2001 01:51:00 -0700 (PDT)",phillip.allen@enron.com,Re:,cd4b2d43f9436fb0652c778ac4a576dff7fab4c4282e213bdce46990d79b072c,65,0,Direct content match with email_importance.csv seed record
EXCL_00602,allen-p/sent/309.,allen-p,sent,"Thu, 3 May 2001 23:26:00 -0700 (PDT)",phillip.allen@enron.com,,7b6d130ea2c5bb29b012e06715c941a9dacc92b3b639cc58cf8130aa8df0feb1,81,1,Direct content match with email_importance.csv seed record
EXCL_00603,allen-p/sent/310.,allen-p,sent,"Thu, 3 May 2001 03:57:00 -0700 (PDT)",phillip.allen@enron.com,,7aa3db3b710c7afefe190215ae29c090f7f2d5468dd0705af7d09676ff0a6cb5,92,1,Direct content match with email_importance.csv seed record
EXCL_00604,allen-p/sent/311.,allen-p,sent,"Wed, 2 May 2001 00:36:00 -0700 (PDT)",phillip.allen@enron.com,,6dfcb9eb32452b63cbe065562cb170f8a9192f8cb66b0879b3cdb3e7cadb7b1d,103,1,Direct content match with email_importance.csv seed record
EXCL_00605,allen-p/sent/315.,allen-p,sent,"Mon, 30 Apr 2001 09:04:00 -0700 (PDT)",phillip.allen@enron.com,Re: Request from Steve Kean,d3b0d8799ad3e7b667d1a946d12c792b894ce10e4cb436c987716793dd102c39,147,0,Direct content match with email_importance.csv seed record
EXCL_00606,allen-p/sent/316.,allen-p,sent,"Mon, 30 Apr 2001 04:22:00 -0700 (PDT)",phillip.allen@enron.com,Request from Steve Kean,45d9f6766e715a82a169784ec4b34784f627f5ed5b5e7774c298302a1fd0f36b,158,0,Direct content match with email_importance.csv seed record
EXCL_00607,allen-p/sent/317.,allen-p,sent,"Mon, 30 Apr 2001 03:37:00 -0700 (PDT)",phillip.allen@enron.com,Request from Steve Kean,f928bcbcc0f624b12ccef3080cca0d26ab7841be32a7dd2cb758daf421ecf96f,169,1,Direct content match with email_importance.csv seed record
EXCL_00608,allen-p/sent/318.,allen-p,sent,"Fri, 27 Apr 2001 03:37:00 -0700 (PDT)",phillip.allen@enron.com,Re: Analyst Resume - Rafael Avila,62e335a10fcd49b124b9e6af5bf44cfe3e70eee76be7ac14a4e2dea89bc18939,181,1,Direct content match with email_importance.csv seed record
EXCL_00609,allen-p/sent/320.,allen-p,sent,"Thu, 26 Apr 2001 07:01:00 -0700 (PDT)",phillip.allen@enron.com,Re: Leander etc.,276318b6cd0ab2e4e81966b206357133ef69203395540943a60394eb8dbf75ad,203,1,Direct content match with email_importance.csv seed record
EXCL_00610,allen-p/sent/321.,allen-p,sent,"Thu, 26 Apr 2001 06:27:00 -0700 (PDT)",phillip.allen@enron.com,Re:,81539c9166f138973bce10ee9acf71da6e6d6257e5427fa3a0d3ffeb89492b85,214,1,Direct content match with email_importance.csv seed record
EXCL_00611,allen-p/sent/53.,allen-p,sent,"Wed, 18 Oct 2000 03:00:00 -0700 (PDT)",phillip.allen@enron.com,Re: test,7ae901ed6a88c69e1911d4e2698bb90b02ef14186142d811bca8ee0570ebc8a8,66,1,Direct content match with email_importance.csv seed record
EXCL_00612,allen-p/sent/54.,allen-p,sent,"Tue, 17 Oct 2000 02:26:00 -0700 (PDT)",phillip.allen@enron.com,Re: High Speed Internet Access,8c42e831d96770b05a9078ea1a57568114c8817eecade20e8765cbb62906790d,72,1,Direct content match with email_importance.csv seed record
EXCL_00613,allen-p/sent/55.,allen-p,sent,"Mon, 16 Oct 2000 06:44:00 -0700 (PDT)",phillip.allen@enron.com,FW: fixed forward or other Collar floor gas price terms,a3149a19e2937a699bece9d350ea61a3ab639a46079cf28a94abcd77f75b65ed,73,1,Direct content match with email_importance.csv seed record
EXCL_00614,allen-p/sent/56.,allen-p,sent,"Mon, 16 Oct 2000 06:42:00 -0700 (PDT)",phillip.allen@enron.com,Re: FW: fixed forward or other Collar floor gas price terms,dedcea437efa1848e553b9e394ac9aac67acd5b266e9ed8e7d84aba5a34a6c84,74,1,Direct content match with email_importance.csv seed record
EXCL_00615,allen-p/sent/57.,allen-p,sent,"Fri, 13 Oct 2000 06:45:00 -0700 (PDT)",phillip.allen@enron.com,,5f2cf5d9b6cf81378fc0c208423425a988eac8ffb0099a7fc804754241fcc5f9,75,1,Direct content match with email_importance.csv seed record
EXCL_00616,allen-p/sent/58.,allen-p,sent,"Mon, 9 Oct 2000 07:16:00 -0700 (PDT)",phillip.allen@enron.com,Consolidated positions: Issues & To Do list,579b21affa6690e1ce1724594bbfe0c70d6fe21a800d0521bd53315115955746,76,1,Direct content match with email_importance.csv seed record
EXCL_00617,allen-p/sent/59.,allen-p,sent,"Mon, 9 Oct 2000 07:00:00 -0700 (PDT)",phillip.allen@enron.com,Consolidated positions: Issues & To Do list,367786ad71ea4ecf50bb64e889f0d895cd1a176db96ac8db96764a366a50703b,77,1,Direct content match with email_importance.csv seed record
EXCL_00618,allen-p/sent/60.,allen-p,sent,"Thu, 5 Oct 2000 06:26:00 -0700 (PDT)",phillip.allen@enron.com,,f343e11ca6839a425d349f59741f1f1637aaa847f10c24dd1417cad93241ff7d,78,1,Direct content match with email_importance.csv seed record
EXCL_00619,allen-p/sent/61.,allen-p,sent,"Thu, 5 Oct 2000 05:55:00 -0700 (PDT)",phillip.allen@enron.com,Re: 2001 Margin Plan,6c967cb8cec296e817842c0ec3dd1dfd76664de6e06882fdf90be545977cd862,79,1,Direct content match with email_importance.csv seed record
EXCL_00620,allen-p/sent/62.,allen-p,sent,"Wed, 4 Oct 2000 09:23:00 -0700 (PDT)",phillip.allen@enron.com,"Var, Reporting and Resources Meeting",0bd445a31b1b0d7f3fe02f78abe97198c16694679a906492156741315ab3c979,80,1,Direct content match with email_importance.csv seed record
EXCL_00621,allen-p/sent/63.,allen-p,sent,"Tue, 3 Oct 2000 09:30:00 -0700 (PDT)",phillip.allen@enron.com,Westgate,f21ceae4628889c386d4d4a0f8cd9f54421c7d02dba7eb37495cf0b034a2053c,82,1,Direct content match with email_importance.csv seed record
EXCL_00622,allen-p/sent/64.,allen-p,sent,"Tue, 3 Oct 2000 09:15:00 -0700 (PDT)",phillip.allen@enron.com,Meeting re: Storage Strategies in the West,e03702e810fca141b3496311b586e47b8bb2b34063ca92101648b61bad4bdb22,83,1,Direct content match with email_importance.csv seed record
EXCL_00623,allen-p/sent/65.,allen-p,sent,"Tue, 3 Oct 2000 09:13:00 -0700 (PDT)",phillip.allen@enron.com,,93bcc68a30013cbe94e8f71b0bc02bf6894b1dfb6fa86d72b354991c4b40e746,84,1,Direct content match with email_importance.csv seed record
EXCL_00624,allen-p/sent/66.,allen-p,sent,"Tue, 3 Oct 2000 03:17:00 -0700 (PDT)",phillip.allen@enron.com,Re: Not business related..,581b4352780f82dc530c3fcd1a5974589c934cfeddfc4d76f9d9cacdbef7dd81,85,0,Direct content match with email_importance.csv seed record
EXCL_00625,allen-p/sent/67.,allen-p,sent,"Mon, 2 Oct 2000 02:19:00 -0700 (PDT)",phillip.allen@enron.com,Re: Original Sept check/closing,a5a3f87df5911a67daf1d2a6795c47d5f09e227d5a59c366c9881de782656ff2,86,1,Direct content match with email_importance.csv seed record
EXCL_00626,allen-p/sent/68.,allen-p,sent,"Thu, 28 Sep 2000 06:17:00 -0700 (PDT)",phillip.allen@enron.com,San Juan Index,e9a42b2b9c399883118bc2276add1f651f91e43d7c7e6ee8384078e5a9ece4e0,87,0,Direct content match with email_importance.csv seed record
EXCL_00627,allen-p/sent/69.,allen-p,sent,"Thu, 28 Sep 2000 05:56:00 -0700 (PDT)",phillip.allen@enron.com,San Juan Index,273e4a17367a8bdb45458ef14b87ecd655c6a9dc93fb0e19f53474f069871730,88,1,Direct content match with email_importance.csv seed record
EXCL_00628,allen-p/sent/70.,allen-p,sent,"Tue, 26 Sep 2000 09:28:00 -0700 (PDT)",phillip.allen@enron.com,Investment Structure,a3be831c42ba183853ad401251f026b2ca33e7c1445a972ba2995d45221fe233,89,1,Direct content match with email_importance.csv seed record
EXCL_00629,allen-p/sent/71.,allen-p,sent,"Tue, 26 Sep 2000 09:26:00 -0700 (PDT)",phillip.allen@enron.com,Investment Structure,33495f436175b97c6fa7b46cbc40712ab62539878b1c2c0ae28868ac67d968b1,90,1,Direct content match with email_importance.csv seed record
EXCL_00630,allen-p/sent/72.,allen-p,sent,"Tue, 26 Sep 2000 07:01:00 -0700 (PDT)",phillip.allen@enron.com,,37160cbea6beef2338206008736b9839aed8b96c66c576f25948b81591339a8a,91,1,Direct content match with email_importance.csv seed record
EXCL_00631,allen-p/sent/73.,allen-p,sent,"Tue, 26 Sep 2000 05:11:00 -0700 (PDT)",phillip.allen@enron.com,Re: Gas Trading Vision meeting,91645c7616d4f7446fb419dafd1e27b789578c592553de899377639f33b9b76e,93,1,Direct content match with email_importance.csv seed record
EXCL_00632,allen-p/sent/74.,allen-p,sent,"Tue, 26 Sep 2000 05:08:00 -0700 (PDT)",phillip.allen@enron.com,,2bb3c9c3fa0ba19a160f3153a6942822bbf9485ad6fe52e721104054baabffe2,94,1,Direct content match with email_importance.csv seed record
EXCL_00633,allen-p/sent/75.,allen-p,sent,"Tue, 26 Sep 2000 05:07:00 -0700 (PDT)",phillip.allen@enron.com,Gas Physical/Financial Position,f0c634c616d9af994dd417611db06a9c48ab10921bc3e75823ee253564677346,95,1,Direct content match with email_importance.csv seed record
EXCL_00634,allen-p/sent/76.,allen-p,sent,"Tue, 26 Sep 2000 04:57:00 -0700 (PDT)",phillip.allen@enron.com,closing,0406f81a441ecdd03edfd3111a440dfce8f43744e62a17da231a9d2295997b1d,96,1,Direct content match with email_importance.csv seed record
EXCL_00635,allen-p/sent/765.,allen-p,sent,"Mon, 23 Oct 2000 06:13:00 -0700 (PDT)",phillip.allen@enron.com,,c4d5f659e0e671bcce5c8d87805afa315a16745e3b98a064e28087a173d6ffa3,67,1,Direct content match with email_importance.csv seed record
EXCL_00636,allen-p/sent/766.,allen-p,sent,"Thu, 31 Aug 2000 05:07:00 -0700 (PDT)",phillip.allen@enron.com,Re: Hello,5838c2052176fe56dd131b88b643e91a08b6dbfcf21d2ed41520f61a7e6a7376,68,1,Direct content match with email_importance.csv seed record
EXCL_00637,allen-p/sent/767.,allen-p,sent,"Thu, 31 Aug 2000 04:17:00 -0700 (PDT)",phillip.allen@enron.com,Re: Hello,8ff9be0b9723848be7d6eb8993f2aeff80cb04dda010b4ed790c224eff4bdf3b,69,1,Direct content match with email_importance.csv seed record
EXCL_00638,allen-p/sent/768.,allen-p,sent,"Tue, 22 Aug 2000 07:44:00 -0700 (PDT)",phillip.allen@enron.com,,eb0b34487756827644eb103a964c207d901655e78136f0240481e966130cc36b,70,1,Direct content match with email_importance.csv seed record
EXCL_00639,allen-p/sent/769.,allen-p,sent,"Fri, 14 Jul 2000 06:59:00 -0700 (PDT)",phillip.allen@enron.com,Re: PRC review - phone calls,421a8163f3e695aa5f202d55d37c061312822e7187f8c8e8d83c17f4fac920ef,71,1,Direct content match with email_importance.csv seed record
EXCL_00640,allen-p/sent/77.,allen-p,sent,"Mon, 25 Sep 2000 07:04:00 -0700 (PDT)",phillip.allen@enron.com,,e0e87bcb2be6df77476b0ec0adde2a9405148240aba624c7aa71b36435fba6ef,97,1,Direct content match with email_importance.csv seed record
EXCL_00641,allen-p/sent/78.,allen-p,sent,"Mon, 25 Sep 2000 07:01:00 -0700 (PDT)",phillip.allen@enron.com,,acc1d025737f763d33b7db92b4376bc49be58e5e7f96b174b4b59d2d82ffbd45,98,1,Direct content match with email_importance.csv seed record
EXCL_00642,allen-p/sent/79.,allen-p,sent,"Mon, 25 Sep 2000 07:01:00 -0700 (PDT)",phillip.allen@enron.com,,9180a62de2dd60138ebcd7e621315847c20d4d225042776d77b0bfe25b1a2c32,99,1,Direct content match with email_importance.csv seed record
EXCL_00643,allen-p/sent/80.,allen-p,sent,"Mon, 25 Sep 2000 05:47:00 -0700 (PDT)",phillip.allen@enron.com,,014cfcee8866fbaa43ea6ed21a923b33d645c06636764167fb3a6b81f8630d53,100,1,Direct content match with email_importance.csv seed record
EXCL_00644,allen-p/sent/81.,allen-p,sent,"Fri, 22 Sep 2000 00:06:00 -0700 (PDT)",phillip.allen@enron.com,,8707b2974c9b0c13fefd767abe44cc72bc64df4181f8acbf417f60802637fc5a,101,1,Direct content match with email_importance.csv seed record
EXCL_00645,allen-p/sent/82.,allen-p,sent,"Wed, 20 Sep 2000 08:06:00 -0700 (PDT)",phillip.allen@enron.com,,e09950eb6fb429d48e78d1a6601aa6a3680dfdbc04c74c4eadcba6cf3f04b218,102,1,Direct content match with email_importance.csv seed record
EXCL_00646,allen-p/sent/83.,allen-p,sent,"Wed, 20 Sep 2000 06:34:00 -0700 (PDT)",phillip.allen@enron.com,,426da3654df99c4827c1d815b927e1581b3430e3c91c55adce1112dab8f122a9,104,1,Direct content match with email_importance.csv seed record
EXCL_00647,allen-p/sent/84.,allen-p,sent,"Tue, 19 Sep 2000 09:35:00 -0700 (PDT)",phillip.allen@enron.com,Westgate Proforma-Phillip Allen.xls,6e9c0faef00c182d182234aa6c55da115533bdfa7ecf59dbb1fedbb3fffaeffb,105,1,Direct content match with email_importance.csv seed record
EXCL_00648,allen-p/sent/85.,allen-p,sent,"Tue, 19 Sep 2000 07:26:00 -0700 (PDT)",phillip.allen@enron.com,,3063a215da262b64f4f6fdb72d768b315ed0675135275082031d902b29b5b4ba,106,1,Direct content match with email_importance.csv seed record
EXCL_00649,allen-p/sent/86.,allen-p,sent,"Tue, 19 Sep 2000 03:15:00 -0700 (PDT)",phillip.allen@enron.com,,88d1e1640216cce2f6e0136df50e58a447aeb0aa775d8904a2009be8590792ac,107,0,Direct content match with email_importance.csv seed record
EXCL_00650,allen-p/sent/87.,allen-p,sent,"Mon, 18 Sep 2000 02:34:00 -0700 (PDT)",phillip.allen@enron.com,Re: burnet,4e7e5efc933b68ae2b775552494109e64867d1b1b85dff3b57217d0232067921,108,1,Direct content match with email_importance.csv seed record
EXCL_00651,allen-p/sent/88.,allen-p,sent,"Wed, 13 Sep 2000 06:02:00 -0700 (PDT)",phillip.allen@enron.com,,2f526c23a75134c025d3746c3d5fb88ac5fdb004e98eb3d5c4e426c5642d9688,109,1,Direct content match with email_importance.csv seed record
EXCL_00652,allen-p/sent/89.,allen-p,sent,"Tue, 12 Sep 2000 06:42:00 -0700 (PDT)",phillip.allen@enron.com,Re: Sept 1 Payment,89a85fbb03bdbe51c49e82ddf0cdc67eba62ddcc8d8a62886a638743d384915c,110,1,Direct content match with email_importance.csv seed record
EXCL_00653,allen-p/sent/90.,allen-p,sent,"Tue, 12 Sep 2000 06:06:00 -0700 (PDT)",phillip.allen@enron.com,,0fee29e020394ced617cc5c1b5b327a850e1c1ea2ed54b981890fa47a856222d,111,1,Direct content match with email_importance.csv seed record
EXCL_00654,allen-p/sent/91.,allen-p,sent,"Tue, 12 Sep 2000 04:23:00 -0700 (PDT)",phillip.allen@enron.com,Contact list for mid market,8e46bf8875f8a0f29e924a8c84719cf364c46749be2ade20363a738955608172,112,1,Direct content match with email_importance.csv seed record
EXCL_00655,allen-p/sent/92.,allen-p,sent,"Tue, 12 Sep 2000 00:27:00 -0700 (PDT)",phillip.allen@enron.com,,78e562b71a5f9828e5549d5ccfccd4843b371f78d1b2fe72c6abca2ae0a45306,113,0,Direct content match with email_importance.csv seed record
EXCL_00656,allen-p/sent/93.,allen-p,sent,"Mon, 11 Sep 2000 09:57:00 -0700 (PDT)",phillip.allen@enron.com,Westgate Proforma-Phillip Allen.xls,6960581001f40825fe42d45770b0af0b3fc3939610a07106f142f220d3fd893b,115,1,Direct content match with email_importance.csv seed record
EXCL_00657,allen-p/sent/94.,allen-p,sent,"Mon, 11 Sep 2000 09:30:00 -0700 (PDT)",phillip.allen@enron.com,Re: Chelsea Villas,7248954830e88f6666db95bf94a73ab61c0bebc1beb2b2a615b592ee280eaddb,116,1,Direct content match with email_importance.csv seed record
EXCL_00658,allen-p/sent/95.,allen-p,sent,"Mon, 11 Sep 2000 08:07:00 -0700 (PDT)",phillip.allen@enron.com,,317f350696a5dd5f0a03d91b7300f5a59b00f7fd2902a2ca27ebf64327aa1390,117,1,Direct content match with email_importance.csv seed record
EXCL_00659,allen-p/sent/96.,allen-p,sent,"Mon, 11 Sep 2000 07:16:00 -0700 (PDT)",phillip.allen@enron.com,Re: VaR by Curve,2cdf2100868a735c927234f831776f8fa9b0f1bcff61ff402424871ebe58ed30,118,0,Direct content match with email_importance.csv seed record
EXCL_00660,allen-p/sent/97.,allen-p,sent,"Mon, 11 Sep 2000 02:19:00 -0700 (PDT)",phillip.allen@enron.com,Re: Sagewood etc.,6185ad7b1547935385d725eb97929c67c758009161b3c6dd643b09a706592258,119,1,Direct content match with email_importance.csv seed record
EXCL_00661,allen-p/sent/98.,allen-p,sent,"Fri, 8 Sep 2000 05:30:00 -0700 (PDT)",phillip.allen@enron.com,Sagewood Town Homes,8ac5ca63914da730eee88a40da16de8dadbd6919f1f73b938cc3d3b238fa882b,120,1,Direct content match with email_importance.csv seed record
EXCL_00662,allen-p/sent/99.,allen-p,sent,"Fri, 8 Sep 2000 05:29:00 -0700 (PDT)",phillip.allen@enron.com,Westgate Proforma-Phillip Allen.xls,e07797d6de16ff2e097fdeb73ce368a1f2f2fa61332f05d8a2a7da485ebcc934,121,1,Direct content match with email_importance.csv seed record
EXCL_00663,smith-m/all_documents/7.,smith-m,all_documents,"Mon, 7 Aug 2000 05:43:00 -0700 (PDT)",phillip.allen@enron.com,New Socal Curves,523f176c44f9769891171542f50dadacae89ab3f00f2061f782012f298f7d6a5,178,0,Direct content match with email_importance.csv seed record
EXCL_00664,smith-m/discussion_threads/3.,smith-m,discussion_threads,"Mon, 7 Aug 2000 05:43:00 -0700 (PDT)",phillip.allen@enron.com,New Socal Curves,523f176c44f9769891171542f50dadacae89ab3f00f2061f782012f298f7d6a5,178,0,Direct content match with email_importance.csv seed record
EXCL_00665,tholt-j/all_documents/422.,tholt-j,all_documents,"Mon, 7 Aug 2000 00:06:00 -0700 (PDT)",phillip.allen@enron.com,Gas fundamentals development website,de689a10e5d38695e36f1ae81d8eaeeddf20b2ebbe4c71241f60e28df3d4d4ef,182,1,Direct content match with email_importance.csv seed record
EXCL_00666,tholt-j/discussion_threads/104.,tholt-j,discussion_threads,"Mon, 7 Aug 2000 00:06:00 -0700 (PDT)",phillip.allen@enron.com,Gas fundamentals development website,de689a10e5d38695e36f1ae81d8eaeeddf20b2ebbe4c71241f60e28df3d4d4ef,182,1,Direct content match with email_importance.csv seed record
EXCL_00667,tholt-j/janie/278.,tholt-j,janie,"Mon, 7 Aug 2000 00:06:00 -0700 (PDT)",phillip.allen@enron.com,Gas fundamentals development website,de689a10e5d38695e36f1ae81d8eaeeddf20b2ebbe4c71241f60e28df3d4d4ef,182,1,Direct content match with email_importance.csv seed record
